vehicle_id,plat_nomor,metode,type,waktu,kuota_liter
1,BE-1001-XX,ARIMA,Harian,2026-01-01,5.45
1,BE-1001-XX,ARIMA,Harian,2026-01-02,6.99
1,BE-1001-XX,ARIMA,Harian,2026-01-03,6.93
1,BE-1001-XX,ARIMA,Harian,2026-01-04,7.51
1,BE-1001-XX,ARIMA,Harian,2026-01-05,8.04
1,BE-1001-XX,ARIMA,Harian,2026-01-06,11.79
1,BE-1001-XX,ARIMA,Harian,2026-01-07,7.84
1,BE-1001-XX,ARIMA,Harian,2026-01-08,8.34
1,BE-1001-XX,ARIMA,Harian,2026-01-09,8.34
1,BE-1001-XX,ARIMA,Harian,2026-01-10,8.52
1,BE-1001-XX,ARIMA,Harian,2026-01-11,8.65
1,BE-1001-XX,ARIMA,Harian,2026-01-12,9.09
1,BE-1001-XX,ARIMA,Harian,2026-01-13,8.46
1,BE-1001-XX,ARIMA,Harian,2026-01-14,8.59
1,BE-1001-XX,ARIMA,Harian,2026-01-15,8.59
1,BE-1001-XX,ARIMA,Harian,2026-01-16,8.63
1,BE-1001-XX,ARIMA,Harian,2026-01-17,8.65
1,BE-1001-XX,ARIMA,Harian,2026-01-18,8.7
1,BE-1001-XX,ARIMA,Harian,2026-01-19,8.6
1,BE-1001-XX,ARIMA,Harian,2026-01-20,8.63
1,BE-1001-XX,ARIMA,Harian,2026-01-21,8.63
1,BE-1001-XX,ARIMA,Harian,2026-01-22,8.64
1,BE-1001-XX,ARIMA,Harian,2026-01-23,8.64
1,BE-1001-XX,ARIMA,Harian,2026-01-24,8.64
1,BE-1001-XX,ARIMA,Harian,2026-01-25,8.63
1,BE-1001-XX,ARIMA,Harian,2026-01-26,8.63
1,BE-1001-XX,ARIMA,Harian,2026-01-27,8.63
1,BE-1001-XX,ARIMA,Harian,2026-01-28,8.63
1,BE-1001-XX,ARIMA,Harian,2026-01-29,8.63
1,BE-1001-XX,ARIMA,Harian,2026-01-30,8.64
1,BE-1001-XX,ARIMA,Harian,2026-01-31,8.63
1,BE-1001-XX,ARIMA,Harian,2026-02-01,8.63
1,BE-1001-XX,ARIMA,Harian,2026-02-02,8.63
1,BE-1001-XX,ARIMA,Harian,2026-02-03,8.63
1,BE-1001-XX,ARIMA,Harian,2026-02-04,8.63
1,BE-1001-XX,ARIMA,Harian,2026-02-05,8.63
1,BE-1001-XX,ARIMA,Harian,2026-02-06,8.63
1,BE-1001-XX,ARIMA,Harian,2026-02-07,8.63
1,BE-1001-XX,ARIMA,Harian,2026-02-08,8.63
1,BE-1001-XX,ARIMA,Harian,2026-02-09,8.63
1,BE-1001-XX,ARIMA,Harian,2026-02-10,8.63
1,BE-1001-XX,ARIMA,Harian,2026-02-11,8.63
1,BE-1001-XX,ARIMA,Harian,2026-02-12,8.63
1,BE-1001-XX,ARIMA,Harian,2026-02-13,8.63
1,BE-1001-XX,ARIMA,Harian,2026-02-14,8.63
1,BE-1001-XX,ARIMA,Harian,2026-02-15,8.63
1,BE-1001-XX,ARIMA,Harian,2026-02-16,8.63
1,BE-1001-XX,ARIMA,Harian,2026-02-17,8.63
1,BE-1001-XX,ARIMA,Harian,2026-02-18,8.63
1,BE-1001-XX,ARIMA,Harian,2026-02-19,8.63
1,BE-1001-XX,ARIMA,Harian,2026-02-20,8.63
1,BE-1001-XX,ARIMA,Harian,2026-02-21,8.63
1,BE-1001-XX,ARIMA,Harian,2026-02-22,8.63
1,BE-1001-XX,ARIMA,Harian,2026-02-23,8.63
1,BE-1001-XX,ARIMA,Harian,2026-02-24,8.63
1,BE-1001-XX,ARIMA,Harian,2026-02-25,8.63
1,BE-1001-XX,ARIMA,Harian,2026-02-26,8.63
1,BE-1001-XX,ARIMA,Harian,2026-02-27,8.63
1,BE-1001-XX,ARIMA,Harian,2026-02-28,8.63
1,BE-1001-XX,ARIMA,Harian,2026-03-01,8.63
1,BE-1001-XX,ARIMA,Harian,2026-03-02,8.63
1,BE-1001-XX,ARIMA,Harian,2026-03-03,8.63
1,BE-1001-XX,ARIMA,Harian,2026-03-04,8.63
1,BE-1001-XX,ARIMA,Harian,2026-03-05,8.63
1,BE-1001-XX,ARIMA,Harian,2026-03-06,8.63
1,BE-1001-XX,ARIMA,Harian,2026-03-07,8.63
1,BE-1001-XX,ARIMA,Harian,2026-03-08,8.63
1,BE-1001-XX,ARIMA,Harian,2026-03-09,8.63
1,BE-1001-XX,ARIMA,Harian,2026-03-10,8.63
1,BE-1001-XX,ARIMA,Harian,2026-03-11,8.63
1,BE-1001-XX,ARIMA,Harian,2026-03-12,8.63
1,BE-1001-XX,ARIMA,Harian,2026-03-13,8.63
1,BE-1001-XX,ARIMA,Harian,2026-03-14,8.63
1,BE-1001-XX,ARIMA,Harian,2026-03-15,8.63
1,BE-1001-XX,ARIMA,Harian,2026-03-16,8.63
1,BE-1001-XX,ARIMA,Harian,2026-03-17,8.63
1,BE-1001-XX,ARIMA,Harian,2026-03-18,8.63
1,BE-1001-XX,ARIMA,Harian,2026-03-19,8.63
1,BE-1001-XX,ARIMA,Harian,2026-03-20,8.63
1,BE-1001-XX,ARIMA,Harian,2026-03-21,8.63
1,BE-1001-XX,ARIMA,Harian,2026-03-22,8.63
1,BE-1001-XX,ARIMA,Harian,2026-03-23,8.63
1,BE-1001-XX,ARIMA,Harian,2026-03-24,8.63
1,BE-1001-XX,ARIMA,Harian,2026-03-25,8.63
1,BE-1001-XX,ARIMA,Harian,2026-03-26,8.63
1,BE-1001-XX,ARIMA,Harian,2026-03-27,8.63
1,BE-1001-XX,ARIMA,Harian,2026-03-28,8.63
1,BE-1001-XX,ARIMA,Harian,2026-03-29,8.63
1,BE-1001-XX,ARIMA,Harian,2026-03-30,8.63
1,BE-1001-XX,ARIMA,Harian,2026-03-31,8.63
1,BE-1001-XX,ARIMA,Harian,2026-04-01,8.63
1,BE-1001-XX,ARIMA,Harian,2026-04-02,8.63
1,BE-1001-XX,ARIMA,Harian,2026-04-03,8.63
1,BE-1001-XX,ARIMA,Harian,2026-04-04,8.63
1,BE-1001-XX,ARIMA,Harian,2026-04-05,8.63
1,BE-1001-XX,ARIMA,Harian,2026-04-06,8.63
1,BE-1001-XX,ARIMA,Harian,2026-04-07,8.63
1,BE-1001-XX,ARIMA,Harian,2026-04-08,8.63
1,BE-1001-XX,ARIMA,Harian,2026-04-09,8.63
1,BE-1001-XX,ARIMA,Harian,2026-04-10,8.63
1,BE-1001-XX,ARIMA,Harian,2026-04-11,8.63
1,BE-1001-XX,ARIMA,Harian,2026-04-12,8.63
1,BE-1001-XX,ARIMA,Harian,2026-04-13,8.63
1,BE-1001-XX,ARIMA,Harian,2026-04-14,8.63
1,BE-1001-XX,ARIMA,Harian,2026-04-15,8.63
1,BE-1001-XX,ARIMA,Harian,2026-04-16,8.63
1,BE-1001-XX,ARIMA,Harian,2026-04-17,8.63
1,BE-1001-XX,ARIMA,Harian,2026-04-18,8.63
1,BE-1001-XX,ARIMA,Harian,2026-04-19,8.63
1,BE-1001-XX,ARIMA,Harian,2026-04-20,8.63
1,BE-1001-XX,ARIMA,Harian,2026-04-21,8.63
1,BE-1001-XX,ARIMA,Harian,2026-04-22,8.63
1,BE-1001-XX,ARIMA,Harian,2026-04-23,8.63
1,BE-1001-XX,ARIMA,Harian,2026-04-24,8.63
1,BE-1001-XX,ARIMA,Harian,2026-04-25,8.63
1,BE-1001-XX,ARIMA,Harian,2026-04-26,8.63
1,BE-1001-XX,ARIMA,Harian,2026-04-27,8.63
1,BE-1001-XX,ARIMA,Harian,2026-04-28,8.63
1,BE-1001-XX,ARIMA,Harian,2026-04-29,8.63
1,BE-1001-XX,ARIMA,Harian,2026-04-30,8.63
1,BE-1001-XX,ARIMA,Harian,2026-05-01,8.63
1,BE-1001-XX,ARIMA,Harian,2026-05-02,8.63
1,BE-1001-XX,ARIMA,Harian,2026-05-03,8.63
1,BE-1001-XX,ARIMA,Harian,2026-05-04,8.63
1,BE-1001-XX,ARIMA,Harian,2026-05-05,8.63
1,BE-1001-XX,ARIMA,Harian,2026-05-06,8.63
1,BE-1001-XX,ARIMA,Harian,2026-05-07,8.63
1,BE-1001-XX,ARIMA,Harian,2026-05-08,8.63
1,BE-1001-XX,ARIMA,Harian,2026-05-09,8.63
1,BE-1001-XX,ARIMA,Harian,2026-05-10,8.63
1,BE-1001-XX,ARIMA,Harian,2026-05-11,8.63
1,BE-1001-XX,ARIMA,Harian,2026-05-12,8.63
1,BE-1001-XX,ARIMA,Harian,2026-05-13,8.63
1,BE-1001-XX,ARIMA,Harian,2026-05-14,8.63
1,BE-1001-XX,ARIMA,Harian,2026-05-15,8.63
1,BE-1001-XX,ARIMA,Harian,2026-05-16,8.63
1,BE-1001-XX,ARIMA,Harian,2026-05-17,8.63
1,BE-1001-XX,ARIMA,Harian,2026-05-18,8.63
1,BE-1001-XX,ARIMA,Harian,2026-05-19,8.63
1,BE-1001-XX,ARIMA,Harian,2026-05-20,8.63
1,BE-1001-XX,ARIMA,Harian,2026-05-21,8.63
1,BE-1001-XX,ARIMA,Harian,2026-05-22,8.63
1,BE-1001-XX,ARIMA,Harian,2026-05-23,8.63
1,BE-1001-XX,ARIMA,Harian,2026-05-24,8.63
1,BE-1001-XX,ARIMA,Harian,2026-05-25,8.63
1,BE-1001-XX,ARIMA,Harian,2026-05-26,8.63
1,BE-1001-XX,ARIMA,Harian,2026-05-27,8.63
1,BE-1001-XX,ARIMA,Harian,2026-05-28,8.63
1,BE-1001-XX,ARIMA,Harian,2026-05-29,8.63
1,BE-1001-XX,ARIMA,Harian,2026-05-30,8.63
1,BE-1001-XX,ARIMA,Harian,2026-05-31,8.63
1,BE-1001-XX,ARIMA,Harian,2026-06-01,8.63
1,BE-1001-XX,ARIMA,Harian,2026-06-02,8.63
1,BE-1001-XX,ARIMA,Harian,2026-06-03,8.63
1,BE-1001-XX,ARIMA,Harian,2026-06-04,8.63
1,BE-1001-XX,ARIMA,Harian,2026-06-05,8.63
1,BE-1001-XX,ARIMA,Harian,2026-06-06,8.63
1,BE-1001-XX,ARIMA,Harian,2026-06-07,8.63
1,BE-1001-XX,ARIMA,Harian,2026-06-08,8.63
1,BE-1001-XX,ARIMA,Harian,2026-06-09,8.63
1,BE-1001-XX,ARIMA,Harian,2026-06-10,8.63
1,BE-1001-XX,ARIMA,Harian,2026-06-11,8.63
1,BE-1001-XX,ARIMA,Harian,2026-06-12,8.63
1,BE-1001-XX,ARIMA,Harian,2026-06-13,8.63
1,BE-1001-XX,ARIMA,Harian,2026-06-14,8.63
1,BE-1001-XX,ARIMA,Harian,2026-06-15,8.63
1,BE-1001-XX,ARIMA,Harian,2026-06-16,8.63
1,BE-1001-XX,ARIMA,Harian,2026-06-17,8.63
1,BE-1001-XX,ARIMA,Harian,2026-06-18,8.63
1,BE-1001-XX,ARIMA,Harian,2026-06-19,8.63
1,BE-1001-XX,ARIMA,Harian,2026-06-20,8.63
1,BE-1001-XX,ARIMA,Harian,2026-06-21,8.63
1,BE-1001-XX,ARIMA,Harian,2026-06-22,8.63
1,BE-1001-XX,ARIMA,Harian,2026-06-23,8.63
1,BE-1001-XX,ARIMA,Harian,2026-06-24,8.63
1,BE-1001-XX,ARIMA,Harian,2026-06-25,8.63
1,BE-1001-XX,ARIMA,Harian,2026-06-26,8.63
1,BE-1001-XX,ARIMA,Harian,2026-06-27,8.63
1,BE-1001-XX,ARIMA,Harian,2026-06-28,8.63
1,BE-1001-XX,ARIMA,Harian,2026-06-29,8.63
1,BE-1001-XX,ARIMA,Harian,2026-06-30,8.63
1,BE-1001-XX,ARIMA,Harian,2026-07-01,8.63
1,BE-1001-XX,ARIMA,Harian,2026-07-02,8.63
1,BE-1001-XX,ARIMA,Harian,2026-07-03,8.63
1,BE-1001-XX,ARIMA,Harian,2026-07-04,8.63
1,BE-1001-XX,ARIMA,Harian,2026-07-05,8.63
1,BE-1001-XX,ARIMA,Harian,2026-07-06,8.63
1,BE-1001-XX,ARIMA,Harian,2026-07-07,8.63
1,BE-1001-XX,ARIMA,Harian,2026-07-08,8.63
1,BE-1001-XX,ARIMA,Harian,2026-07-09,8.63
1,BE-1001-XX,ARIMA,Harian,2026-07-10,8.63
1,BE-1001-XX,ARIMA,Harian,2026-07-11,8.63
1,BE-1001-XX,ARIMA,Harian,2026-07-12,8.63
1,BE-1001-XX,ARIMA,Harian,2026-07-13,8.63
1,BE-1001-XX,ARIMA,Harian,2026-07-14,8.63
1,BE-1001-XX,ARIMA,Harian,2026-07-15,8.63
1,BE-1001-XX,ARIMA,Harian,2026-07-16,8.63
1,BE-1001-XX,ARIMA,Harian,2026-07-17,8.63
1,BE-1001-XX,ARIMA,Harian,2026-07-18,8.63
1,BE-1001-XX,ARIMA,Harian,2026-07-19,8.63
1,BE-1001-XX,ARIMA,Harian,2026-07-20,8.63
1,BE-1001-XX,ARIMA,Harian,2026-07-21,8.63
1,BE-1001-XX,ARIMA,Harian,2026-07-22,8.63
1,BE-1001-XX,ARIMA,Harian,2026-07-23,8.63
1,BE-1001-XX,ARIMA,Harian,2026-07-24,8.63
1,BE-1001-XX,ARIMA,Harian,2026-07-25,8.63
1,BE-1001-XX,ARIMA,Harian,2026-07-26,8.63
1,BE-1001-XX,ARIMA,Harian,2026-07-27,8.63
1,BE-1001-XX,ARIMA,Harian,2026-07-28,8.63
1,BE-1001-XX,ARIMA,Harian,2026-07-29,8.63
1,BE-1001-XX,ARIMA,Harian,2026-07-30,8.63
1,BE-1001-XX,ARIMA,Harian,2026-07-31,8.63
1,BE-1001-XX,ARIMA,Harian,2026-08-01,8.63
1,BE-1001-XX,ARIMA,Harian,2026-08-02,8.63
1,BE-1001-XX,ARIMA,Harian,2026-08-03,8.63
1,BE-1001-XX,ARIMA,Harian,2026-08-04,8.63
1,BE-1001-XX,ARIMA,Harian,2026-08-05,8.63
1,BE-1001-XX,ARIMA,Harian,2026-08-06,8.63
1,BE-1001-XX,ARIMA,Harian,2026-08-07,8.63
1,BE-1001-XX,ARIMA,Harian,2026-08-08,8.63
1,BE-1001-XX,ARIMA,Harian,2026-08-09,8.63
1,BE-1001-XX,ARIMA,Harian,2026-08-10,8.63
1,BE-1001-XX,ARIMA,Harian,2026-08-11,8.63
1,BE-1001-XX,ARIMA,Harian,2026-08-12,8.63
1,BE-1001-XX,ARIMA,Harian,2026-08-13,8.63
1,BE-1001-XX,ARIMA,Harian,2026-08-14,8.63
1,BE-1001-XX,ARIMA,Harian,2026-08-15,8.63
1,BE-1001-XX,ARIMA,Harian,2026-08-16,8.63
1,BE-1001-XX,ARIMA,Harian,2026-08-17,8.63
1,BE-1001-XX,ARIMA,Harian,2026-08-18,8.63
1,BE-1001-XX,ARIMA,Harian,2026-08-19,8.63
1,BE-1001-XX,ARIMA,Harian,2026-08-20,8.63
1,BE-1001-XX,ARIMA,Harian,2026-08-21,8.63
1,BE-1001-XX,ARIMA,Harian,2026-08-22,8.63
1,BE-1001-XX,ARIMA,Harian,2026-08-23,8.63
1,BE-1001-XX,ARIMA,Harian,2026-08-24,8.63
1,BE-1001-XX,ARIMA,Harian,2026-08-25,8.63
1,BE-1001-XX,ARIMA,Harian,2026-08-26,8.63
1,BE-1001-XX,ARIMA,Harian,2026-08-27,8.63
1,BE-1001-XX,ARIMA,Harian,2026-08-28,8.63
1,BE-1001-XX,ARIMA,Harian,2026-08-29,8.63
1,BE-1001-XX,ARIMA,Harian,2026-08-30,8.63
1,BE-1001-XX,ARIMA,Harian,2026-08-31,8.63
1,BE-1001-XX,ARIMA,Harian,2026-09-01,8.63
1,BE-1001-XX,ARIMA,Harian,2026-09-02,8.63
1,BE-1001-XX,ARIMA,Harian,2026-09-03,8.63
1,BE-1001-XX,ARIMA,Harian,2026-09-04,8.63
1,BE-1001-XX,ARIMA,Harian,2026-09-05,8.63
1,BE-1001-XX,ARIMA,Harian,2026-09-06,8.63
1,BE-1001-XX,ARIMA,Harian,2026-09-07,8.63
1,BE-1001-XX,ARIMA,Harian,2026-09-08,8.63
1,BE-1001-XX,ARIMA,Harian,2026-09-09,8.63
1,BE-1001-XX,ARIMA,Harian,2026-09-10,8.63
1,BE-1001-XX,ARIMA,Harian,2026-09-11,8.63
1,BE-1001-XX,ARIMA,Harian,2026-09-12,8.63
1,BE-1001-XX,ARIMA,Harian,2026-09-13,8.63
1,BE-1001-XX,ARIMA,Harian,2026-09-14,8.63
1,BE-1001-XX,ARIMA,Harian,2026-09-15,8.63
1,BE-1001-XX,ARIMA,Harian,2026-09-16,8.63
1,BE-1001-XX,ARIMA,Harian,2026-09-17,8.63
1,BE-1001-XX,ARIMA,Harian,2026-09-18,8.63
1,BE-1001-XX,ARIMA,Harian,2026-09-19,8.63
1,BE-1001-XX,ARIMA,Harian,2026-09-20,8.63
1,BE-1001-XX,ARIMA,Harian,2026-09-21,8.63
1,BE-1001-XX,ARIMA,Harian,2026-09-22,8.63
1,BE-1001-XX,ARIMA,Harian,2026-09-23,8.63
1,BE-1001-XX,ARIMA,Harian,2026-09-24,8.63
1,BE-1001-XX,ARIMA,Harian,2026-09-25,8.63
1,BE-1001-XX,ARIMA,Harian,2026-09-26,8.63
1,BE-1001-XX,ARIMA,Harian,2026-09-27,8.63
1,BE-1001-XX,ARIMA,Harian,2026-09-28,8.63
1,BE-1001-XX,ARIMA,Harian,2026-09-29,8.63
1,BE-1001-XX,ARIMA,Harian,2026-09-30,8.63
1,BE-1001-XX,ARIMA,Harian,2026-10-01,8.63
1,BE-1001-XX,ARIMA,Harian,2026-10-02,8.63
1,BE-1001-XX,ARIMA,Harian,2026-10-03,8.63
1,BE-1001-XX,ARIMA,Harian,2026-10-04,8.63
1,BE-1001-XX,ARIMA,Harian,2026-10-05,8.63
1,BE-1001-XX,ARIMA,Harian,2026-10-06,8.63
1,BE-1001-XX,ARIMA,Harian,2026-10-07,8.63
1,BE-1001-XX,ARIMA,Harian,2026-10-08,8.63
1,BE-1001-XX,ARIMA,Harian,2026-10-09,8.63
1,BE-1001-XX,ARIMA,Harian,2026-10-10,8.63
1,BE-1001-XX,ARIMA,Harian,2026-10-11,8.63
1,BE-1001-XX,ARIMA,Harian,2026-10-12,8.63
1,BE-1001-XX,ARIMA,Harian,2026-10-13,8.63
1,BE-1001-XX,ARIMA,Harian,2026-10-14,8.63
1,BE-1001-XX,ARIMA,Harian,2026-10-15,8.63
1,BE-1001-XX,ARIMA,Harian,2026-10-16,8.63
1,BE-1001-XX,ARIMA,Harian,2026-10-17,8.63
1,BE-1001-XX,ARIMA,Harian,2026-10-18,8.63
1,BE-1001-XX,ARIMA,Harian,2026-10-19,8.63
1,BE-1001-XX,ARIMA,Harian,2026-10-20,8.63
1,BE-1001-XX,ARIMA,Harian,2026-10-21,8.63
1,BE-1001-XX,ARIMA,Harian,2026-10-22,8.63
1,BE-1001-XX,ARIMA,Harian,2026-10-23,8.63
1,BE-1001-XX,ARIMA,Harian,2026-10-24,8.63
1,BE-1001-XX,ARIMA,Harian,2026-10-25,8.63
1,BE-1001-XX,ARIMA,Harian,2026-10-26,8.63
1,BE-1001-XX,ARIMA,Harian,2026-10-27,8.63
1,BE-1001-XX,ARIMA,Harian,2026-10-28,8.63
1,BE-1001-XX,ARIMA,Harian,2026-10-29,8.63
1,BE-1001-XX,ARIMA,Harian,2026-10-30,8.63
1,BE-1001-XX,ARIMA,Harian,2026-10-31,8.63
1,BE-1001-XX,ARIMA,Harian,2026-11-01,8.63
1,BE-1001-XX,ARIMA,Harian,2026-11-02,8.63
1,BE-1001-XX,ARIMA,Harian,2026-11-03,8.63
1,BE-1001-XX,ARIMA,Harian,2026-11-04,8.63
1,BE-1001-XX,ARIMA,Harian,2026-11-05,8.63
1,BE-1001-XX,ARIMA,Harian,2026-11-06,8.63
1,BE-1001-XX,ARIMA,Harian,2026-11-07,8.63
1,BE-1001-XX,ARIMA,Harian,2026-11-08,8.63
1,BE-1001-XX,ARIMA,Harian,2026-11-09,8.63
1,BE-1001-XX,ARIMA,Harian,2026-11-10,8.63
1,BE-1001-XX,ARIMA,Harian,2026-11-11,8.63
1,BE-1001-XX,ARIMA,Harian,2026-11-12,8.63
1,BE-1001-XX,ARIMA,Harian,2026-11-13,8.63
1,BE-1001-XX,ARIMA,Harian,2026-11-14,8.63
1,BE-1001-XX,ARIMA,Harian,2026-11-15,8.63
1,BE-1001-XX,ARIMA,Harian,2026-11-16,8.63
1,BE-1001-XX,ARIMA,Harian,2026-11-17,8.63
1,BE-1001-XX,ARIMA,Harian,2026-11-18,8.63
1,BE-1001-XX,ARIMA,Harian,2026-11-19,8.63
1,BE-1001-XX,ARIMA,Harian,2026-11-20,8.63
1,BE-1001-XX,ARIMA,Harian,2026-11-21,8.63
1,BE-1001-XX,ARIMA,Harian,2026-11-22,8.63
1,BE-1001-XX,ARIMA,Harian,2026-11-23,8.63
1,BE-1001-XX,ARIMA,Harian,2026-11-24,8.63
1,BE-1001-XX,ARIMA,Harian,2026-11-25,8.63
1,BE-1001-XX,ARIMA,Harian,2026-11-26,8.63
1,BE-1001-XX,ARIMA,Harian,2026-11-27,8.63
1,BE-1001-XX,ARIMA,Harian,2026-11-28,8.63
1,BE-1001-XX,ARIMA,Harian,2026-11-29,8.63
1,BE-1001-XX,ARIMA,Harian,2026-11-30,8.63
1,BE-1001-XX,ARIMA,Harian,2026-12-01,8.63
1,BE-1001-XX,ARIMA,Harian,2026-12-02,8.63
1,BE-1001-XX,ARIMA,Harian,2026-12-03,8.63
1,BE-1001-XX,ARIMA,Harian,2026-12-04,8.63
1,BE-1001-XX,ARIMA,Harian,2026-12-05,8.63
1,BE-1001-XX,ARIMA,Harian,2026-12-06,8.63
1,BE-1001-XX,ARIMA,Harian,2026-12-07,8.63
1,BE-1001-XX,ARIMA,Harian,2026-12-08,8.63
1,BE-1001-XX,ARIMA,Harian,2026-12-09,8.63
1,BE-1001-XX,ARIMA,Harian,2026-12-10,8.63
1,BE-1001-XX,ARIMA,Harian,2026-12-11,8.63
1,BE-1001-XX,ARIMA,Harian,2026-12-12,8.63
1,BE-1001-XX,ARIMA,Harian,2026-12-13,8.63
1,BE-1001-XX,ARIMA,Harian,2026-12-14,8.63
1,BE-1001-XX,ARIMA,Harian,2026-12-15,8.63
1,BE-1001-XX,ARIMA,Harian,2026-12-16,8.63
1,BE-1001-XX,ARIMA,Harian,2026-12-17,8.63
1,BE-1001-XX,ARIMA,Harian,2026-12-18,8.63
1,BE-1001-XX,ARIMA,Harian,2026-12-19,8.63
1,BE-1001-XX,ARIMA,Harian,2026-12-20,8.63
1,BE-1001-XX,ARIMA,Harian,2026-12-21,8.63
1,BE-1001-XX,ARIMA,Harian,2026-12-22,8.63
1,BE-1001-XX,ARIMA,Harian,2026-12-23,8.63
1,BE-1001-XX,ARIMA,Harian,2026-12-24,8.63
1,BE-1001-XX,ARIMA,Harian,2026-12-25,8.63
1,BE-1001-XX,ARIMA,Harian,2026-12-26,8.63
1,BE-1001-XX,ARIMA,Harian,2026-12-27,8.63
1,BE-1001-XX,ARIMA,Harian,2026-12-28,8.63
1,BE-1001-XX,ARIMA,Harian,2026-12-29,8.63
1,BE-1001-XX,ARIMA,Harian,2026-12-30,8.63
1,BE-1001-XX,ARIMA,Harian,2026-12-31,8.63
1,BE-1001-XX,ARIMA,Bulanan,2026-01,261.3
1,BE-1001-XX,ARIMA,Bulanan,2026-02,241.76
1,BE-1001-XX,ARIMA,Bulanan,2026-03,267.66
1,BE-1001-XX,ARIMA,Bulanan,2026-04,259.03
1,BE-1001-XX,ARIMA,Bulanan,2026-05,267.66
1,BE-1001-XX,ARIMA,Bulanan,2026-06,259.03
1,BE-1001-XX,ARIMA,Bulanan,2026-07,267.66
1,BE-1001-XX,ARIMA,Bulanan,2026-08,267.66
1,BE-1001-XX,ARIMA,Bulanan,2026-09,259.03
1,BE-1001-XX,ARIMA,Bulanan,2026-10,267.66
1,BE-1001-XX,ARIMA,Bulanan,2026-11,259.03
1,BE-1001-XX,ARIMA,Bulanan,2026-12,267.66
1,BE-1001-XX,ARIMA,Tahunan,2026,3145.11
2,BE-1002-XX,ARIMA,Harian,2026-01-01,5.17
2,BE-1002-XX,ARIMA,Harian,2026-01-02,5.31
2,BE-1002-XX,ARIMA,Harian,2026-01-03,4.63
2,BE-1002-XX,ARIMA,Harian,2026-01-04,7.86
2,BE-1002-XX,ARIMA,Harian,2026-01-05,11.21
2,BE-1002-XX,ARIMA,Harian,2026-01-06,10.03
2,BE-1002-XX,ARIMA,Harian,2026-01-07,7.09
2,BE-1002-XX,ARIMA,Harian,2026-01-08,7.2
2,BE-1002-XX,ARIMA,Harian,2026-01-09,8.04
2,BE-1002-XX,ARIMA,Harian,2026-01-10,8.99
2,BE-1002-XX,ARIMA,Harian,2026-01-11,8.88
2,BE-1002-XX,ARIMA,Harian,2026-01-12,8.2
2,BE-1002-XX,ARIMA,Harian,2026-01-13,7.94
2,BE-1002-XX,ARIMA,Harian,2026-01-14,8.19
2,BE-1002-XX,ARIMA,Harian,2026-01-15,8.47
2,BE-1002-XX,ARIMA,Harian,2026-01-16,8.5
2,BE-1002-XX,ARIMA,Harian,2026-01-17,8.33
2,BE-1002-XX,ARIMA,Harian,2026-01-18,8.23
2,BE-1002-XX,ARIMA,Harian,2026-01-19,8.27
2,BE-1002-XX,ARIMA,Harian,2026-01-20,8.35
2,BE-1002-XX,ARIMA,Harian,2026-01-21,8.38
2,BE-1002-XX,ARIMA,Harian,2026-01-22,8.34
2,BE-1002-XX,ARIMA,Harian,2026-01-23,8.3
2,BE-1002-XX,ARIMA,Harian,2026-01-24,8.31
2,BE-1002-XX,ARIMA,Harian,2026-01-25,8.33
2,BE-1002-XX,ARIMA,Harian,2026-01-26,8.34
2,BE-1002-XX,ARIMA,Harian,2026-01-27,8.33
2,BE-1002-XX,ARIMA,Harian,2026-01-28,8.32
2,BE-1002-XX,ARIMA,Harian,2026-01-29,8.32
2,BE-1002-XX,ARIMA,Harian,2026-01-30,8.33
2,BE-1002-XX,ARIMA,Harian,2026-01-31,8.33
2,BE-1002-XX,ARIMA,Harian,2026-02-01,8.33
2,BE-1002-XX,ARIMA,Harian,2026-02-02,8.33
2,BE-1002-XX,ARIMA,Harian,2026-02-03,8.33
2,BE-1002-XX,ARIMA,Harian,2026-02-04,8.33
2,BE-1002-XX,ARIMA,Harian,2026-02-05,8.33
2,BE-1002-XX,ARIMA,Harian,2026-02-06,8.33
2,BE-1002-XX,ARIMA,Harian,2026-02-07,8.33
2,BE-1002-XX,ARIMA,Harian,2026-02-08,8.33
2,BE-1002-XX,ARIMA,Harian,2026-02-09,8.33
2,BE-1002-XX,ARIMA,Harian,2026-02-10,8.33
2,BE-1002-XX,ARIMA,Harian,2026-02-11,8.33
2,BE-1002-XX,ARIMA,Harian,2026-02-12,8.33
2,BE-1002-XX,ARIMA,Harian,2026-02-13,8.33
2,BE-1002-XX,ARIMA,Harian,2026-02-14,8.33
2,BE-1002-XX,ARIMA,Harian,2026-02-15,8.33
2,BE-1002-XX,ARIMA,Harian,2026-02-16,8.33
2,BE-1002-XX,ARIMA,Harian,2026-02-17,8.33
2,BE-1002-XX,ARIMA,Harian,2026-02-18,8.33
2,BE-1002-XX,ARIMA,Harian,2026-02-19,8.33
2,BE-1002-XX,ARIMA,Harian,2026-02-20,8.33
2,BE-1002-XX,ARIMA,Harian,2026-02-21,8.33
2,BE-1002-XX,ARIMA,Harian,2026-02-22,8.33
2,BE-1002-XX,ARIMA,Harian,2026-02-23,8.33
2,BE-1002-XX,ARIMA,Harian,2026-02-24,8.33
2,BE-1002-XX,ARIMA,Harian,2026-02-25,8.33
2,BE-1002-XX,ARIMA,Harian,2026-02-26,8.33
2,BE-1002-XX,ARIMA,Harian,2026-02-27,8.33
2,BE-1002-XX,ARIMA,Harian,2026-02-28,8.33
2,BE-1002-XX,ARIMA,Harian,2026-03-01,8.33
2,BE-1002-XX,ARIMA,Harian,2026-03-02,8.33
2,BE-1002-XX,ARIMA,Harian,2026-03-03,8.33
2,BE-1002-XX,ARIMA,Harian,2026-03-04,8.33
2,BE-1002-XX,ARIMA,Harian,2026-03-05,8.33
2,BE-1002-XX,ARIMA,Harian,2026-03-06,8.33
2,BE-1002-XX,ARIMA,Harian,2026-03-07,8.33
2,BE-1002-XX,ARIMA,Harian,2026-03-08,8.33
2,BE-1002-XX,ARIMA,Harian,2026-03-09,8.33
2,BE-1002-XX,ARIMA,Harian,2026-03-10,8.33
2,BE-1002-XX,ARIMA,Harian,2026-03-11,8.33
2,BE-1002-XX,ARIMA,Harian,2026-03-12,8.33
2,BE-1002-XX,ARIMA,Harian,2026-03-13,8.33
2,BE-1002-XX,ARIMA,Harian,2026-03-14,8.33
2,BE-1002-XX,ARIMA,Harian,2026-03-15,8.33
2,BE-1002-XX,ARIMA,Harian,2026-03-16,8.33
2,BE-1002-XX,ARIMA,Harian,2026-03-17,8.33
2,BE-1002-XX,ARIMA,Harian,2026-03-18,8.33
2,BE-1002-XX,ARIMA,Harian,2026-03-19,8.33
2,BE-1002-XX,ARIMA,Harian,2026-03-20,8.33
2,BE-1002-XX,ARIMA,Harian,2026-03-21,8.33
2,BE-1002-XX,ARIMA,Harian,2026-03-22,8.33
2,BE-1002-XX,ARIMA,Harian,2026-03-23,8.33
2,BE-1002-XX,ARIMA,Harian,2026-03-24,8.33
2,BE-1002-XX,ARIMA,Harian,2026-03-25,8.33
2,BE-1002-XX,ARIMA,Harian,2026-03-26,8.33
2,BE-1002-XX,ARIMA,Harian,2026-03-27,8.33
2,BE-1002-XX,ARIMA,Harian,2026-03-28,8.33
2,BE-1002-XX,ARIMA,Harian,2026-03-29,8.33
2,BE-1002-XX,ARIMA,Harian,2026-03-30,8.33
2,BE-1002-XX,ARIMA,Harian,2026-03-31,8.33
2,BE-1002-XX,ARIMA,Harian,2026-04-01,8.33
2,BE-1002-XX,ARIMA,Harian,2026-04-02,8.33
2,BE-1002-XX,ARIMA,Harian,2026-04-03,8.33
2,BE-1002-XX,ARIMA,Harian,2026-04-04,8.33
2,BE-1002-XX,ARIMA,Harian,2026-04-05,8.33
2,BE-1002-XX,ARIMA,Harian,2026-04-06,8.33
2,BE-1002-XX,ARIMA,Harian,2026-04-07,8.33
2,BE-1002-XX,ARIMA,Harian,2026-04-08,8.33
2,BE-1002-XX,ARIMA,Harian,2026-04-09,8.33
2,BE-1002-XX,ARIMA,Harian,2026-04-10,8.33
2,BE-1002-XX,ARIMA,Harian,2026-04-11,8.33
2,BE-1002-XX,ARIMA,Harian,2026-04-12,8.33
2,BE-1002-XX,ARIMA,Harian,2026-04-13,8.33
2,BE-1002-XX,ARIMA,Harian,2026-04-14,8.33
2,BE-1002-XX,ARIMA,Harian,2026-04-15,8.33
2,BE-1002-XX,ARIMA,Harian,2026-04-16,8.33
2,BE-1002-XX,ARIMA,Harian,2026-04-17,8.33
2,BE-1002-XX,ARIMA,Harian,2026-04-18,8.33
2,BE-1002-XX,ARIMA,Harian,2026-04-19,8.33
2,BE-1002-XX,ARIMA,Harian,2026-04-20,8.33
2,BE-1002-XX,ARIMA,Harian,2026-04-21,8.33
2,BE-1002-XX,ARIMA,Harian,2026-04-22,8.33
2,BE-1002-XX,ARIMA,Harian,2026-04-23,8.33
2,BE-1002-XX,ARIMA,Harian,2026-04-24,8.33
2,BE-1002-XX,ARIMA,Harian,2026-04-25,8.33
2,BE-1002-XX,ARIMA,Harian,2026-04-26,8.33
2,BE-1002-XX,ARIMA,Harian,2026-04-27,8.33
2,BE-1002-XX,ARIMA,Harian,2026-04-28,8.33
2,BE-1002-XX,ARIMA,Harian,2026-04-29,8.33
2,BE-1002-XX,ARIMA,Harian,2026-04-30,8.33
2,BE-1002-XX,ARIMA,Harian,2026-05-01,8.33
2,BE-1002-XX,ARIMA,Harian,2026-05-02,8.33
2,BE-1002-XX,ARIMA,Harian,2026-05-03,8.33
2,BE-1002-XX,ARIMA,Harian,2026-05-04,8.33
2,BE-1002-XX,ARIMA,Harian,2026-05-05,8.33
2,BE-1002-XX,ARIMA,Harian,2026-05-06,8.33
2,BE-1002-XX,ARIMA,Harian,2026-05-07,8.33
2,BE-1002-XX,ARIMA,Harian,2026-05-08,8.33
2,BE-1002-XX,ARIMA,Harian,2026-05-09,8.33
2,BE-1002-XX,ARIMA,Harian,2026-05-10,8.33
2,BE-1002-XX,ARIMA,Harian,2026-05-11,8.33
2,BE-1002-XX,ARIMA,Harian,2026-05-12,8.33
2,BE-1002-XX,ARIMA,Harian,2026-05-13,8.33
2,BE-1002-XX,ARIMA,Harian,2026-05-14,8.33
2,BE-1002-XX,ARIMA,Harian,2026-05-15,8.33
2,BE-1002-XX,ARIMA,Harian,2026-05-16,8.33
2,BE-1002-XX,ARIMA,Harian,2026-05-17,8.33
2,BE-1002-XX,ARIMA,Harian,2026-05-18,8.33
2,BE-1002-XX,ARIMA,Harian,2026-05-19,8.33
2,BE-1002-XX,ARIMA,Harian,2026-05-20,8.33
2,BE-1002-XX,ARIMA,Harian,2026-05-21,8.33
2,BE-1002-XX,ARIMA,Harian,2026-05-22,8.33
2,BE-1002-XX,ARIMA,Harian,2026-05-23,8.33
2,BE-1002-XX,ARIMA,Harian,2026-05-24,8.33
2,BE-1002-XX,ARIMA,Harian,2026-05-25,8.33
2,BE-1002-XX,ARIMA,Harian,2026-05-26,8.33
2,BE-1002-XX,ARIMA,Harian,2026-05-27,8.33
2,BE-1002-XX,ARIMA,Harian,2026-05-28,8.33
2,BE-1002-XX,ARIMA,Harian,2026-05-29,8.33
2,BE-1002-XX,ARIMA,Harian,2026-05-30,8.33
2,BE-1002-XX,ARIMA,Harian,2026-05-31,8.33
2,BE-1002-XX,ARIMA,Harian,2026-06-01,8.33
2,BE-1002-XX,ARIMA,Harian,2026-06-02,8.33
2,BE-1002-XX,ARIMA,Harian,2026-06-03,8.33
2,BE-1002-XX,ARIMA,Harian,2026-06-04,8.33
2,BE-1002-XX,ARIMA,Harian,2026-06-05,8.33
2,BE-1002-XX,ARIMA,Harian,2026-06-06,8.33
2,BE-1002-XX,ARIMA,Harian,2026-06-07,8.33
2,BE-1002-XX,ARIMA,Harian,2026-06-08,8.33
2,BE-1002-XX,ARIMA,Harian,2026-06-09,8.33
2,BE-1002-XX,ARIMA,Harian,2026-06-10,8.33
2,BE-1002-XX,ARIMA,Harian,2026-06-11,8.33
2,BE-1002-XX,ARIMA,Harian,2026-06-12,8.33
2,BE-1002-XX,ARIMA,Harian,2026-06-13,8.33
2,BE-1002-XX,ARIMA,Harian,2026-06-14,8.33
2,BE-1002-XX,ARIMA,Harian,2026-06-15,8.33
2,BE-1002-XX,ARIMA,Harian,2026-06-16,8.33
2,BE-1002-XX,ARIMA,Harian,2026-06-17,8.33
2,BE-1002-XX,ARIMA,Harian,2026-06-18,8.33
2,BE-1002-XX,ARIMA,Harian,2026-06-19,8.33
2,BE-1002-XX,ARIMA,Harian,2026-06-20,8.33
2,BE-1002-XX,ARIMA,Harian,2026-06-21,8.33
2,BE-1002-XX,ARIMA,Harian,2026-06-22,8.33
2,BE-1002-XX,ARIMA,Harian,2026-06-23,8.33
2,BE-1002-XX,ARIMA,Harian,2026-06-24,8.33
2,BE-1002-XX,ARIMA,Harian,2026-06-25,8.33
2,BE-1002-XX,ARIMA,Harian,2026-06-26,8.33
2,BE-1002-XX,ARIMA,Harian,2026-06-27,8.33
2,BE-1002-XX,ARIMA,Harian,2026-06-28,8.33
2,BE-1002-XX,ARIMA,Harian,2026-06-29,8.33
2,BE-1002-XX,ARIMA,Harian,2026-06-30,8.33
2,BE-1002-XX,ARIMA,Harian,2026-07-01,8.33
2,BE-1002-XX,ARIMA,Harian,2026-07-02,8.33
2,BE-1002-XX,ARIMA,Harian,2026-07-03,8.33
2,BE-1002-XX,ARIMA,Harian,2026-07-04,8.33
2,BE-1002-XX,ARIMA,Harian,2026-07-05,8.33
2,BE-1002-XX,ARIMA,Harian,2026-07-06,8.33
2,BE-1002-XX,ARIMA,Harian,2026-07-07,8.33
2,BE-1002-XX,ARIMA,Harian,2026-07-08,8.33
2,BE-1002-XX,ARIMA,Harian,2026-07-09,8.33
2,BE-1002-XX,ARIMA,Harian,2026-07-10,8.33
2,BE-1002-XX,ARIMA,Harian,2026-07-11,8.33
2,BE-1002-XX,ARIMA,Harian,2026-07-12,8.33
2,BE-1002-XX,ARIMA,Harian,2026-07-13,8.33
2,BE-1002-XX,ARIMA,Harian,2026-07-14,8.33
2,BE-1002-XX,ARIMA,Harian,2026-07-15,8.33
2,BE-1002-XX,ARIMA,Harian,2026-07-16,8.33
2,BE-1002-XX,ARIMA,Harian,2026-07-17,8.33
2,BE-1002-XX,ARIMA,Harian,2026-07-18,8.33
2,BE-1002-XX,ARIMA,Harian,2026-07-19,8.33
2,BE-1002-XX,ARIMA,Harian,2026-07-20,8.33
2,BE-1002-XX,ARIMA,Harian,2026-07-21,8.33
2,BE-1002-XX,ARIMA,Harian,2026-07-22,8.33
2,BE-1002-XX,ARIMA,Harian,2026-07-23,8.33
2,BE-1002-XX,ARIMA,Harian,2026-07-24,8.33
2,BE-1002-XX,ARIMA,Harian,2026-07-25,8.33
2,BE-1002-XX,ARIMA,Harian,2026-07-26,8.33
2,BE-1002-XX,ARIMA,Harian,2026-07-27,8.33
2,BE-1002-XX,ARIMA,Harian,2026-07-28,8.33
2,BE-1002-XX,ARIMA,Harian,2026-07-29,8.33
2,BE-1002-XX,ARIMA,Harian,2026-07-30,8.33
2,BE-1002-XX,ARIMA,Harian,2026-07-31,8.33
2,BE-1002-XX,ARIMA,Harian,2026-08-01,8.33
2,BE-1002-XX,ARIMA,Harian,2026-08-02,8.33
2,BE-1002-XX,ARIMA,Harian,2026-08-03,8.33
2,BE-1002-XX,ARIMA,Harian,2026-08-04,8.33
2,BE-1002-XX,ARIMA,Harian,2026-08-05,8.33
2,BE-1002-XX,ARIMA,Harian,2026-08-06,8.33
2,BE-1002-XX,ARIMA,Harian,2026-08-07,8.33
2,BE-1002-XX,ARIMA,Harian,2026-08-08,8.33
2,BE-1002-XX,ARIMA,Harian,2026-08-09,8.33
2,BE-1002-XX,ARIMA,Harian,2026-08-10,8.33
2,BE-1002-XX,ARIMA,Harian,2026-08-11,8.33
2,BE-1002-XX,ARIMA,Harian,2026-08-12,8.33
2,BE-1002-XX,ARIMA,Harian,2026-08-13,8.33
2,BE-1002-XX,ARIMA,Harian,2026-08-14,8.33
2,BE-1002-XX,ARIMA,Harian,2026-08-15,8.33
2,BE-1002-XX,ARIMA,Harian,2026-08-16,8.33
2,BE-1002-XX,ARIMA,Harian,2026-08-17,8.33
2,BE-1002-XX,ARIMA,Harian,2026-08-18,8.33
2,BE-1002-XX,ARIMA,Harian,2026-08-19,8.33
2,BE-1002-XX,ARIMA,Harian,2026-08-20,8.33
2,BE-1002-XX,ARIMA,Harian,2026-08-21,8.33
2,BE-1002-XX,ARIMA,Harian,2026-08-22,8.33
2,BE-1002-XX,ARIMA,Harian,2026-08-23,8.33
2,BE-1002-XX,ARIMA,Harian,2026-08-24,8.33
2,BE-1002-XX,ARIMA,Harian,2026-08-25,8.33
2,BE-1002-XX,ARIMA,Harian,2026-08-26,8.33
2,BE-1002-XX,ARIMA,Harian,2026-08-27,8.33
2,BE-1002-XX,ARIMA,Harian,2026-08-28,8.33
2,BE-1002-XX,ARIMA,Harian,2026-08-29,8.33
2,BE-1002-XX,ARIMA,Harian,2026-08-30,8.33
2,BE-1002-XX,ARIMA,Harian,2026-08-31,8.33
2,BE-1002-XX,ARIMA,Harian,2026-09-01,8.33
2,BE-1002-XX,ARIMA,Harian,2026-09-02,8.33
2,BE-1002-XX,ARIMA,Harian,2026-09-03,8.33
2,BE-1002-XX,ARIMA,Harian,2026-09-04,8.33
2,BE-1002-XX,ARIMA,Harian,2026-09-05,8.33
2,BE-1002-XX,ARIMA,Harian,2026-09-06,8.33
2,BE-1002-XX,ARIMA,Harian,2026-09-07,8.33
2,BE-1002-XX,ARIMA,Harian,2026-09-08,8.33
2,BE-1002-XX,ARIMA,Harian,2026-09-09,8.33
2,BE-1002-XX,ARIMA,Harian,2026-09-10,8.33
2,BE-1002-XX,ARIMA,Harian,2026-09-11,8.33
2,BE-1002-XX,ARIMA,Harian,2026-09-12,8.33
2,BE-1002-XX,ARIMA,Harian,2026-09-13,8.33
2,BE-1002-XX,ARIMA,Harian,2026-09-14,8.33
2,BE-1002-XX,ARIMA,Harian,2026-09-15,8.33
2,BE-1002-XX,ARIMA,Harian,2026-09-16,8.33
2,BE-1002-XX,ARIMA,Harian,2026-09-17,8.33
2,BE-1002-XX,ARIMA,Harian,2026-09-18,8.33
2,BE-1002-XX,ARIMA,Harian,2026-09-19,8.33
2,BE-1002-XX,ARIMA,Harian,2026-09-20,8.33
2,BE-1002-XX,ARIMA,Harian,2026-09-21,8.33
2,BE-1002-XX,ARIMA,Harian,2026-09-22,8.33
2,BE-1002-XX,ARIMA,Harian,2026-09-23,8.33
2,BE-1002-XX,ARIMA,Harian,2026-09-24,8.33
2,BE-1002-XX,ARIMA,Harian,2026-09-25,8.33
2,BE-1002-XX,ARIMA,Harian,2026-09-26,8.33
2,BE-1002-XX,ARIMA,Harian,2026-09-27,8.33
2,BE-1002-XX,ARIMA,Harian,2026-09-28,8.33
2,BE-1002-XX,ARIMA,Harian,2026-09-29,8.33
2,BE-1002-XX,ARIMA,Harian,2026-09-30,8.33
2,BE-1002-XX,ARIMA,Harian,2026-10-01,8.33
2,BE-1002-XX,ARIMA,Harian,2026-10-02,8.33
2,BE-1002-XX,ARIMA,Harian,2026-10-03,8.33
2,BE-1002-XX,ARIMA,Harian,2026-10-04,8.33
2,BE-1002-XX,ARIMA,Harian,2026-10-05,8.33
2,BE-1002-XX,ARIMA,Harian,2026-10-06,8.33
2,BE-1002-XX,ARIMA,Harian,2026-10-07,8.33
2,BE-1002-XX,ARIMA,Harian,2026-10-08,8.33
2,BE-1002-XX,ARIMA,Harian,2026-10-09,8.33
2,BE-1002-XX,ARIMA,Harian,2026-10-10,8.33
2,BE-1002-XX,ARIMA,Harian,2026-10-11,8.33
2,BE-1002-XX,ARIMA,Harian,2026-10-12,8.33
2,BE-1002-XX,ARIMA,Harian,2026-10-13,8.33
2,BE-1002-XX,ARIMA,Harian,2026-10-14,8.33
2,BE-1002-XX,ARIMA,Harian,2026-10-15,8.33
2,BE-1002-XX,ARIMA,Harian,2026-10-16,8.33
2,BE-1002-XX,ARIMA,Harian,2026-10-17,8.33
2,BE-1002-XX,ARIMA,Harian,2026-10-18,8.33
2,BE-1002-XX,ARIMA,Harian,2026-10-19,8.33
2,BE-1002-XX,ARIMA,Harian,2026-10-20,8.33
2,BE-1002-XX,ARIMA,Harian,2026-10-21,8.33
2,BE-1002-XX,ARIMA,Harian,2026-10-22,8.33
2,BE-1002-XX,ARIMA,Harian,2026-10-23,8.33
2,BE-1002-XX,ARIMA,Harian,2026-10-24,8.33
2,BE-1002-XX,ARIMA,Harian,2026-10-25,8.33
2,BE-1002-XX,ARIMA,Harian,2026-10-26,8.33
2,BE-1002-XX,ARIMA,Harian,2026-10-27,8.33
2,BE-1002-XX,ARIMA,Harian,2026-10-28,8.33
2,BE-1002-XX,ARIMA,Harian,2026-10-29,8.33
2,BE-1002-XX,ARIMA,Harian,2026-10-30,8.33
2,BE-1002-XX,ARIMA,Harian,2026-10-31,8.33
2,BE-1002-XX,ARIMA,Harian,2026-11-01,8.33
2,BE-1002-XX,ARIMA,Harian,2026-11-02,8.33
2,BE-1002-XX,ARIMA,Harian,2026-11-03,8.33
2,BE-1002-XX,ARIMA,Harian,2026-11-04,8.33
2,BE-1002-XX,ARIMA,Harian,2026-11-05,8.33
2,BE-1002-XX,ARIMA,Harian,2026-11-06,8.33
2,BE-1002-XX,ARIMA,Harian,2026-11-07,8.33
2,BE-1002-XX,ARIMA,Harian,2026-11-08,8.33
2,BE-1002-XX,ARIMA,Harian,2026-11-09,8.33
2,BE-1002-XX,ARIMA,Harian,2026-11-10,8.33
2,BE-1002-XX,ARIMA,Harian,2026-11-11,8.33
2,BE-1002-XX,ARIMA,Harian,2026-11-12,8.33
2,BE-1002-XX,ARIMA,Harian,2026-11-13,8.33
2,BE-1002-XX,ARIMA,Harian,2026-11-14,8.33
2,BE-1002-XX,ARIMA,Harian,2026-11-15,8.33
2,BE-1002-XX,ARIMA,Harian,2026-11-16,8.33
2,BE-1002-XX,ARIMA,Harian,2026-11-17,8.33
2,BE-1002-XX,ARIMA,Harian,2026-11-18,8.33
2,BE-1002-XX,ARIMA,Harian,2026-11-19,8.33
2,BE-1002-XX,ARIMA,Harian,2026-11-20,8.33
2,BE-1002-XX,ARIMA,Harian,2026-11-21,8.33
2,BE-1002-XX,ARIMA,Harian,2026-11-22,8.33
2,BE-1002-XX,ARIMA,Harian,2026-11-23,8.33
2,BE-1002-XX,ARIMA,Harian,2026-11-24,8.33
2,BE-1002-XX,ARIMA,Harian,2026-11-25,8.33
2,BE-1002-XX,ARIMA,Harian,2026-11-26,8.33
2,BE-1002-XX,ARIMA,Harian,2026-11-27,8.33
2,BE-1002-XX,ARIMA,Harian,2026-11-28,8.33
2,BE-1002-XX,ARIMA,Harian,2026-11-29,8.33
2,BE-1002-XX,ARIMA,Harian,2026-11-30,8.33
2,BE-1002-XX,ARIMA,Harian,2026-12-01,8.33
2,BE-1002-XX,ARIMA,Harian,2026-12-02,8.33
2,BE-1002-XX,ARIMA,Harian,2026-12-03,8.33
2,BE-1002-XX,ARIMA,Harian,2026-12-04,8.33
2,BE-1002-XX,ARIMA,Harian,2026-12-05,8.33
2,BE-1002-XX,ARIMA,Harian,2026-12-06,8.33
2,BE-1002-XX,ARIMA,Harian,2026-12-07,8.33
2,BE-1002-XX,ARIMA,Harian,2026-12-08,8.33
2,BE-1002-XX,ARIMA,Harian,2026-12-09,8.33
2,BE-1002-XX,ARIMA,Harian,2026-12-10,8.33
2,BE-1002-XX,ARIMA,Harian,2026-12-11,8.33
2,BE-1002-XX,ARIMA,Harian,2026-12-12,8.33
2,BE-1002-XX,ARIMA,Harian,2026-12-13,8.33
2,BE-1002-XX,ARIMA,Harian,2026-12-14,8.33
2,BE-1002-XX,ARIMA,Harian,2026-12-15,8.33
2,BE-1002-XX,ARIMA,Harian,2026-12-16,8.33
2,BE-1002-XX,ARIMA,Harian,2026-12-17,8.33
2,BE-1002-XX,ARIMA,Harian,2026-12-18,8.33
2,BE-1002-XX,ARIMA,Harian,2026-12-19,8.33
2,BE-1002-XX,ARIMA,Harian,2026-12-20,8.33
2,BE-1002-XX,ARIMA,Harian,2026-12-21,8.33
2,BE-1002-XX,ARIMA,Harian,2026-12-22,8.33
2,BE-1002-XX,ARIMA,Harian,2026-12-23,8.33
2,BE-1002-XX,ARIMA,Harian,2026-12-24,8.33
2,BE-1002-XX,ARIMA,Harian,2026-12-25,8.33
2,BE-1002-XX,ARIMA,Harian,2026-12-26,8.33
2,BE-1002-XX,ARIMA,Harian,2026-12-27,8.33
2,BE-1002-XX,ARIMA,Harian,2026-12-28,8.33
2,BE-1002-XX,ARIMA,Harian,2026-12-29,8.33
2,BE-1002-XX,ARIMA,Harian,2026-12-30,8.33
2,BE-1002-XX,ARIMA,Harian,2026-12-31,8.33
2,BE-1002-XX,ARIMA,Bulanan,2026-01,250.54
2,BE-1002-XX,ARIMA,Bulanan,2026-02,233.17
2,BE-1002-XX,ARIMA,Bulanan,2026-03,258.15
2,BE-1002-XX,ARIMA,Bulanan,2026-04,249.82
2,BE-1002-XX,ARIMA,Bulanan,2026-05,258.15
2,BE-1002-XX,ARIMA,Bulanan,2026-06,249.82
2,BE-1002-XX,ARIMA,Bulanan,2026-07,258.15
2,BE-1002-XX,ARIMA,Bulanan,2026-08,258.15
2,BE-1002-XX,ARIMA,Bulanan,2026-09,249.82
2,BE-1002-XX,ARIMA,Bulanan,2026-10,258.15
2,BE-1002-XX,ARIMA,Bulanan,2026-11,249.82
2,BE-1002-XX,ARIMA,Bulanan,2026-12,258.15
2,BE-1002-XX,ARIMA,Tahunan,2026,3031.91
3,BE-1003-XX,ARIMA,Harian,2026-01-01,0.67
3,BE-1003-XX,ARIMA,Harian,2026-01-02,1.0
3,BE-1003-XX,ARIMA,Harian,2026-01-03,1.15
3,BE-1003-XX,ARIMA,Harian,2026-01-04,1.28
3,BE-1003-XX,ARIMA,Harian,2026-01-05,1.12
3,BE-1003-XX,ARIMA,Harian,2026-01-06,1.55
3,BE-1003-XX,ARIMA,Harian,2026-01-07,1.05
3,BE-1003-XX,ARIMA,Harian,2026-01-08,1.22
3,BE-1003-XX,ARIMA,Harian,2026-01-09,1.2
3,BE-1003-XX,ARIMA,Harian,2026-01-10,1.2
3,BE-1003-XX,ARIMA,Harian,2026-01-11,1.24
3,BE-1003-XX,ARIMA,Harian,2026-01-12,1.27
3,BE-1003-XX,ARIMA,Harian,2026-01-13,1.18
3,BE-1003-XX,ARIMA,Harian,2026-01-14,1.23
3,BE-1003-XX,ARIMA,Harian,2026-01-15,1.21
3,BE-1003-XX,ARIMA,Harian,2026-01-16,1.21
3,BE-1003-XX,ARIMA,Harian,2026-01-17,1.23
3,BE-1003-XX,ARIMA,Harian,2026-01-18,1.22
3,BE-1003-XX,ARIMA,Harian,2026-01-19,1.21
3,BE-1003-XX,ARIMA,Harian,2026-01-20,1.22
3,BE-1003-XX,ARIMA,Harian,2026-01-21,1.21
3,BE-1003-XX,ARIMA,Harian,2026-01-22,1.22
3,BE-1003-XX,ARIMA,Harian,2026-01-23,1.22
3,BE-1003-XX,ARIMA,Harian,2026-01-24,1.22
3,BE-1003-XX,ARIMA,Harian,2026-01-25,1.22
3,BE-1003-XX,ARIMA,Harian,2026-01-26,1.22
3,BE-1003-XX,ARIMA,Harian,2026-01-27,1.22
3,BE-1003-XX,ARIMA,Harian,2026-01-28,1.22
3,BE-1003-XX,ARIMA,Harian,2026-01-29,1.22
3,BE-1003-XX,ARIMA,Harian,2026-01-30,1.22
3,BE-1003-XX,ARIMA,Harian,2026-01-31,1.22
3,BE-1003-XX,ARIMA,Harian,2026-02-01,1.22
3,BE-1003-XX,ARIMA,Harian,2026-02-02,1.22
3,BE-1003-XX,ARIMA,Harian,2026-02-03,1.22
3,BE-1003-XX,ARIMA,Harian,2026-02-04,1.22
3,BE-1003-XX,ARIMA,Harian,2026-02-05,1.22
3,BE-1003-XX,ARIMA,Harian,2026-02-06,1.22
3,BE-1003-XX,ARIMA,Harian,2026-02-07,1.22
3,BE-1003-XX,ARIMA,Harian,2026-02-08,1.22
3,BE-1003-XX,ARIMA,Harian,2026-02-09,1.22
3,BE-1003-XX,ARIMA,Harian,2026-02-10,1.22
3,BE-1003-XX,ARIMA,Harian,2026-02-11,1.22
3,BE-1003-XX,ARIMA,Harian,2026-02-12,1.22
3,BE-1003-XX,ARIMA,Harian,2026-02-13,1.22
3,BE-1003-XX,ARIMA,Harian,2026-02-14,1.22
3,BE-1003-XX,ARIMA,Harian,2026-02-15,1.22
3,BE-1003-XX,ARIMA,Harian,2026-02-16,1.22
3,BE-1003-XX,ARIMA,Harian,2026-02-17,1.22
3,BE-1003-XX,ARIMA,Harian,2026-02-18,1.22
3,BE-1003-XX,ARIMA,Harian,2026-02-19,1.22
3,BE-1003-XX,ARIMA,Harian,2026-02-20,1.22
3,BE-1003-XX,ARIMA,Harian,2026-02-21,1.22
3,BE-1003-XX,ARIMA,Harian,2026-02-22,1.22
3,BE-1003-XX,ARIMA,Harian,2026-02-23,1.22
3,BE-1003-XX,ARIMA,Harian,2026-02-24,1.22
3,BE-1003-XX,ARIMA,Harian,2026-02-25,1.22
3,BE-1003-XX,ARIMA,Harian,2026-02-26,1.22
3,BE-1003-XX,ARIMA,Harian,2026-02-27,1.22
3,BE-1003-XX,ARIMA,Harian,2026-02-28,1.22
3,BE-1003-XX,ARIMA,Harian,2026-03-01,1.22
3,BE-1003-XX,ARIMA,Harian,2026-03-02,1.22
3,BE-1003-XX,ARIMA,Harian,2026-03-03,1.22
3,BE-1003-XX,ARIMA,Harian,2026-03-04,1.22
3,BE-1003-XX,ARIMA,Harian,2026-03-05,1.22
3,BE-1003-XX,ARIMA,Harian,2026-03-06,1.22
3,BE-1003-XX,ARIMA,Harian,2026-03-07,1.22
3,BE-1003-XX,ARIMA,Harian,2026-03-08,1.22
3,BE-1003-XX,ARIMA,Harian,2026-03-09,1.22
3,BE-1003-XX,ARIMA,Harian,2026-03-10,1.22
3,BE-1003-XX,ARIMA,Harian,2026-03-11,1.22
3,BE-1003-XX,ARIMA,Harian,2026-03-12,1.22
3,BE-1003-XX,ARIMA,Harian,2026-03-13,1.22
3,BE-1003-XX,ARIMA,Harian,2026-03-14,1.22
3,BE-1003-XX,ARIMA,Harian,2026-03-15,1.22
3,BE-1003-XX,ARIMA,Harian,2026-03-16,1.22
3,BE-1003-XX,ARIMA,Harian,2026-03-17,1.22
3,BE-1003-XX,ARIMA,Harian,2026-03-18,1.22
3,BE-1003-XX,ARIMA,Harian,2026-03-19,1.22
3,BE-1003-XX,ARIMA,Harian,2026-03-20,1.22
3,BE-1003-XX,ARIMA,Harian,2026-03-21,1.22
3,BE-1003-XX,ARIMA,Harian,2026-03-22,1.22
3,BE-1003-XX,ARIMA,Harian,2026-03-23,1.22
3,BE-1003-XX,ARIMA,Harian,2026-03-24,1.22
3,BE-1003-XX,ARIMA,Harian,2026-03-25,1.22
3,BE-1003-XX,ARIMA,Harian,2026-03-26,1.22
3,BE-1003-XX,ARIMA,Harian,2026-03-27,1.22
3,BE-1003-XX,ARIMA,Harian,2026-03-28,1.22
3,BE-1003-XX,ARIMA,Harian,2026-03-29,1.22
3,BE-1003-XX,ARIMA,Harian,2026-03-30,1.22
3,BE-1003-XX,ARIMA,Harian,2026-03-31,1.22
3,BE-1003-XX,ARIMA,Harian,2026-04-01,1.22
3,BE-1003-XX,ARIMA,Harian,2026-04-02,1.22
3,BE-1003-XX,ARIMA,Harian,2026-04-03,1.22
3,BE-1003-XX,ARIMA,Harian,2026-04-04,1.22
3,BE-1003-XX,ARIMA,Harian,2026-04-05,1.22
3,BE-1003-XX,ARIMA,Harian,2026-04-06,1.22
3,BE-1003-XX,ARIMA,Harian,2026-04-07,1.22
3,BE-1003-XX,ARIMA,Harian,2026-04-08,1.22
3,BE-1003-XX,ARIMA,Harian,2026-04-09,1.22
3,BE-1003-XX,ARIMA,Harian,2026-04-10,1.22
3,BE-1003-XX,ARIMA,Harian,2026-04-11,1.22
3,BE-1003-XX,ARIMA,Harian,2026-04-12,1.22
3,BE-1003-XX,ARIMA,Harian,2026-04-13,1.22
3,BE-1003-XX,ARIMA,Harian,2026-04-14,1.22
3,BE-1003-XX,ARIMA,Harian,2026-04-15,1.22
3,BE-1003-XX,ARIMA,Harian,2026-04-16,1.22
3,BE-1003-XX,ARIMA,Harian,2026-04-17,1.22
3,BE-1003-XX,ARIMA,Harian,2026-04-18,1.22
3,BE-1003-XX,ARIMA,Harian,2026-04-19,1.22
3,BE-1003-XX,ARIMA,Harian,2026-04-20,1.22
3,BE-1003-XX,ARIMA,Harian,2026-04-21,1.22
3,BE-1003-XX,ARIMA,Harian,2026-04-22,1.22
3,BE-1003-XX,ARIMA,Harian,2026-04-23,1.22
3,BE-1003-XX,ARIMA,Harian,2026-04-24,1.22
3,BE-1003-XX,ARIMA,Harian,2026-04-25,1.22
3,BE-1003-XX,ARIMA,Harian,2026-04-26,1.22
3,BE-1003-XX,ARIMA,Harian,2026-04-27,1.22
3,BE-1003-XX,ARIMA,Harian,2026-04-28,1.22
3,BE-1003-XX,ARIMA,Harian,2026-04-29,1.22
3,BE-1003-XX,ARIMA,Harian,2026-04-30,1.22
3,BE-1003-XX,ARIMA,Harian,2026-05-01,1.22
3,BE-1003-XX,ARIMA,Harian,2026-05-02,1.22
3,BE-1003-XX,ARIMA,Harian,2026-05-03,1.22
3,BE-1003-XX,ARIMA,Harian,2026-05-04,1.22
3,BE-1003-XX,ARIMA,Harian,2026-05-05,1.22
3,BE-1003-XX,ARIMA,Harian,2026-05-06,1.22
3,BE-1003-XX,ARIMA,Harian,2026-05-07,1.22
3,BE-1003-XX,ARIMA,Harian,2026-05-08,1.22
3,BE-1003-XX,ARIMA,Harian,2026-05-09,1.22
3,BE-1003-XX,ARIMA,Harian,2026-05-10,1.22
3,BE-1003-XX,ARIMA,Harian,2026-05-11,1.22
3,BE-1003-XX,ARIMA,Harian,2026-05-12,1.22
3,BE-1003-XX,ARIMA,Harian,2026-05-13,1.22
3,BE-1003-XX,ARIMA,Harian,2026-05-14,1.22
3,BE-1003-XX,ARIMA,Harian,2026-05-15,1.22
3,BE-1003-XX,ARIMA,Harian,2026-05-16,1.22
3,BE-1003-XX,ARIMA,Harian,2026-05-17,1.22
3,BE-1003-XX,ARIMA,Harian,2026-05-18,1.22
3,BE-1003-XX,ARIMA,Harian,2026-05-19,1.22
3,BE-1003-XX,ARIMA,Harian,2026-05-20,1.22
3,BE-1003-XX,ARIMA,Harian,2026-05-21,1.22
3,BE-1003-XX,ARIMA,Harian,2026-05-22,1.22
3,BE-1003-XX,ARIMA,Harian,2026-05-23,1.22
3,BE-1003-XX,ARIMA,Harian,2026-05-24,1.22
3,BE-1003-XX,ARIMA,Harian,2026-05-25,1.22
3,BE-1003-XX,ARIMA,Harian,2026-05-26,1.22
3,BE-1003-XX,ARIMA,Harian,2026-05-27,1.22
3,BE-1003-XX,ARIMA,Harian,2026-05-28,1.22
3,BE-1003-XX,ARIMA,Harian,2026-05-29,1.22
3,BE-1003-XX,ARIMA,Harian,2026-05-30,1.22
3,BE-1003-XX,ARIMA,Harian,2026-05-31,1.22
3,BE-1003-XX,ARIMA,Harian,2026-06-01,1.22
3,BE-1003-XX,ARIMA,Harian,2026-06-02,1.22
3,BE-1003-XX,ARIMA,Harian,2026-06-03,1.22
3,BE-1003-XX,ARIMA,Harian,2026-06-04,1.22
3,BE-1003-XX,ARIMA,Harian,2026-06-05,1.22
3,BE-1003-XX,ARIMA,Harian,2026-06-06,1.22
3,BE-1003-XX,ARIMA,Harian,2026-06-07,1.22
3,BE-1003-XX,ARIMA,Harian,2026-06-08,1.22
3,BE-1003-XX,ARIMA,Harian,2026-06-09,1.22
3,BE-1003-XX,ARIMA,Harian,2026-06-10,1.22
3,BE-1003-XX,ARIMA,Harian,2026-06-11,1.22
3,BE-1003-XX,ARIMA,Harian,2026-06-12,1.22
3,BE-1003-XX,ARIMA,Harian,2026-06-13,1.22
3,BE-1003-XX,ARIMA,Harian,2026-06-14,1.22
3,BE-1003-XX,ARIMA,Harian,2026-06-15,1.22
3,BE-1003-XX,ARIMA,Harian,2026-06-16,1.22
3,BE-1003-XX,ARIMA,Harian,2026-06-17,1.22
3,BE-1003-XX,ARIMA,Harian,2026-06-18,1.22
3,BE-1003-XX,ARIMA,Harian,2026-06-19,1.22
3,BE-1003-XX,ARIMA,Harian,2026-06-20,1.22
3,BE-1003-XX,ARIMA,Harian,2026-06-21,1.22
3,BE-1003-XX,ARIMA,Harian,2026-06-22,1.22
3,BE-1003-XX,ARIMA,Harian,2026-06-23,1.22
3,BE-1003-XX,ARIMA,Harian,2026-06-24,1.22
3,BE-1003-XX,ARIMA,Harian,2026-06-25,1.22
3,BE-1003-XX,ARIMA,Harian,2026-06-26,1.22
3,BE-1003-XX,ARIMA,Harian,2026-06-27,1.22
3,BE-1003-XX,ARIMA,Harian,2026-06-28,1.22
3,BE-1003-XX,ARIMA,Harian,2026-06-29,1.22
3,BE-1003-XX,ARIMA,Harian,2026-06-30,1.22
3,BE-1003-XX,ARIMA,Harian,2026-07-01,1.22
3,BE-1003-XX,ARIMA,Harian,2026-07-02,1.22
3,BE-1003-XX,ARIMA,Harian,2026-07-03,1.22
3,BE-1003-XX,ARIMA,Harian,2026-07-04,1.22
3,BE-1003-XX,ARIMA,Harian,2026-07-05,1.22
3,BE-1003-XX,ARIMA,Harian,2026-07-06,1.22
3,BE-1003-XX,ARIMA,Harian,2026-07-07,1.22
3,BE-1003-XX,ARIMA,Harian,2026-07-08,1.22
3,BE-1003-XX,ARIMA,Harian,2026-07-09,1.22
3,BE-1003-XX,ARIMA,Harian,2026-07-10,1.22
3,BE-1003-XX,ARIMA,Harian,2026-07-11,1.22
3,BE-1003-XX,ARIMA,Harian,2026-07-12,1.22
3,BE-1003-XX,ARIMA,Harian,2026-07-13,1.22
3,BE-1003-XX,ARIMA,Harian,2026-07-14,1.22
3,BE-1003-XX,ARIMA,Harian,2026-07-15,1.22
3,BE-1003-XX,ARIMA,Harian,2026-07-16,1.22
3,BE-1003-XX,ARIMA,Harian,2026-07-17,1.22
3,BE-1003-XX,ARIMA,Harian,2026-07-18,1.22
3,BE-1003-XX,ARIMA,Harian,2026-07-19,1.22
3,BE-1003-XX,ARIMA,Harian,2026-07-20,1.22
3,BE-1003-XX,ARIMA,Harian,2026-07-21,1.22
3,BE-1003-XX,ARIMA,Harian,2026-07-22,1.22
3,BE-1003-XX,ARIMA,Harian,2026-07-23,1.22
3,BE-1003-XX,ARIMA,Harian,2026-07-24,1.22
3,BE-1003-XX,ARIMA,Harian,2026-07-25,1.22
3,BE-1003-XX,ARIMA,Harian,2026-07-26,1.22
3,BE-1003-XX,ARIMA,Harian,2026-07-27,1.22
3,BE-1003-XX,ARIMA,Harian,2026-07-28,1.22
3,BE-1003-XX,ARIMA,Harian,2026-07-29,1.22
3,BE-1003-XX,ARIMA,Harian,2026-07-30,1.22
3,BE-1003-XX,ARIMA,Harian,2026-07-31,1.22
3,BE-1003-XX,ARIMA,Harian,2026-08-01,1.22
3,BE-1003-XX,ARIMA,Harian,2026-08-02,1.22
3,BE-1003-XX,ARIMA,Harian,2026-08-03,1.22
3,BE-1003-XX,ARIMA,Harian,2026-08-04,1.22
3,BE-1003-XX,ARIMA,Harian,2026-08-05,1.22
3,BE-1003-XX,ARIMA,Harian,2026-08-06,1.22
3,BE-1003-XX,ARIMA,Harian,2026-08-07,1.22
3,BE-1003-XX,ARIMA,Harian,2026-08-08,1.22
3,BE-1003-XX,ARIMA,Harian,2026-08-09,1.22
3,BE-1003-XX,ARIMA,Harian,2026-08-10,1.22
3,BE-1003-XX,ARIMA,Harian,2026-08-11,1.22
3,BE-1003-XX,ARIMA,Harian,2026-08-12,1.22
3,BE-1003-XX,ARIMA,Harian,2026-08-13,1.22
3,BE-1003-XX,ARIMA,Harian,2026-08-14,1.22
3,BE-1003-XX,ARIMA,Harian,2026-08-15,1.22
3,BE-1003-XX,ARIMA,Harian,2026-08-16,1.22
3,BE-1003-XX,ARIMA,Harian,2026-08-17,1.22
3,BE-1003-XX,ARIMA,Harian,2026-08-18,1.22
3,BE-1003-XX,ARIMA,Harian,2026-08-19,1.22
3,BE-1003-XX,ARIMA,Harian,2026-08-20,1.22
3,BE-1003-XX,ARIMA,Harian,2026-08-21,1.22
3,BE-1003-XX,ARIMA,Harian,2026-08-22,1.22
3,BE-1003-XX,ARIMA,Harian,2026-08-23,1.22
3,BE-1003-XX,ARIMA,Harian,2026-08-24,1.22
3,BE-1003-XX,ARIMA,Harian,2026-08-25,1.22
3,BE-1003-XX,ARIMA,Harian,2026-08-26,1.22
3,BE-1003-XX,ARIMA,Harian,2026-08-27,1.22
3,BE-1003-XX,ARIMA,Harian,2026-08-28,1.22
3,BE-1003-XX,ARIMA,Harian,2026-08-29,1.22
3,BE-1003-XX,ARIMA,Harian,2026-08-30,1.22
3,BE-1003-XX,ARIMA,Harian,2026-08-31,1.22
3,BE-1003-XX,ARIMA,Harian,2026-09-01,1.22
3,BE-1003-XX,ARIMA,Harian,2026-09-02,1.22
3,BE-1003-XX,ARIMA,Harian,2026-09-03,1.22
3,BE-1003-XX,ARIMA,Harian,2026-09-04,1.22
3,BE-1003-XX,ARIMA,Harian,2026-09-05,1.22
3,BE-1003-XX,ARIMA,Harian,2026-09-06,1.22
3,BE-1003-XX,ARIMA,Harian,2026-09-07,1.22
3,BE-1003-XX,ARIMA,Harian,2026-09-08,1.22
3,BE-1003-XX,ARIMA,Harian,2026-09-09,1.22
3,BE-1003-XX,ARIMA,Harian,2026-09-10,1.22
3,BE-1003-XX,ARIMA,Harian,2026-09-11,1.22
3,BE-1003-XX,ARIMA,Harian,2026-09-12,1.22
3,BE-1003-XX,ARIMA,Harian,2026-09-13,1.22
3,BE-1003-XX,ARIMA,Harian,2026-09-14,1.22
3,BE-1003-XX,ARIMA,Harian,2026-09-15,1.22
3,BE-1003-XX,ARIMA,Harian,2026-09-16,1.22
3,BE-1003-XX,ARIMA,Harian,2026-09-17,1.22
3,BE-1003-XX,ARIMA,Harian,2026-09-18,1.22
3,BE-1003-XX,ARIMA,Harian,2026-09-19,1.22
3,BE-1003-XX,ARIMA,Harian,2026-09-20,1.22
3,BE-1003-XX,ARIMA,Harian,2026-09-21,1.22
3,BE-1003-XX,ARIMA,Harian,2026-09-22,1.22
3,BE-1003-XX,ARIMA,Harian,2026-09-23,1.22
3,BE-1003-XX,ARIMA,Harian,2026-09-24,1.22
3,BE-1003-XX,ARIMA,Harian,2026-09-25,1.22
3,BE-1003-XX,ARIMA,Harian,2026-09-26,1.22
3,BE-1003-XX,ARIMA,Harian,2026-09-27,1.22
3,BE-1003-XX,ARIMA,Harian,2026-09-28,1.22
3,BE-1003-XX,ARIMA,Harian,2026-09-29,1.22
3,BE-1003-XX,ARIMA,Harian,2026-09-30,1.22
3,BE-1003-XX,ARIMA,Harian,2026-10-01,1.22
3,BE-1003-XX,ARIMA,Harian,2026-10-02,1.22
3,BE-1003-XX,ARIMA,Harian,2026-10-03,1.22
3,BE-1003-XX,ARIMA,Harian,2026-10-04,1.22
3,BE-1003-XX,ARIMA,Harian,2026-10-05,1.22
3,BE-1003-XX,ARIMA,Harian,2026-10-06,1.22
3,BE-1003-XX,ARIMA,Harian,2026-10-07,1.22
3,BE-1003-XX,ARIMA,Harian,2026-10-08,1.22
3,BE-1003-XX,ARIMA,Harian,2026-10-09,1.22
3,BE-1003-XX,ARIMA,Harian,2026-10-10,1.22
3,BE-1003-XX,ARIMA,Harian,2026-10-11,1.22
3,BE-1003-XX,ARIMA,Harian,2026-10-12,1.22
3,BE-1003-XX,ARIMA,Harian,2026-10-13,1.22
3,BE-1003-XX,ARIMA,Harian,2026-10-14,1.22
3,BE-1003-XX,ARIMA,Harian,2026-10-15,1.22
3,BE-1003-XX,ARIMA,Harian,2026-10-16,1.22
3,BE-1003-XX,ARIMA,Harian,2026-10-17,1.22
3,BE-1003-XX,ARIMA,Harian,2026-10-18,1.22
3,BE-1003-XX,ARIMA,Harian,2026-10-19,1.22
3,BE-1003-XX,ARIMA,Harian,2026-10-20,1.22
3,BE-1003-XX,ARIMA,Harian,2026-10-21,1.22
3,BE-1003-XX,ARIMA,Harian,2026-10-22,1.22
3,BE-1003-XX,ARIMA,Harian,2026-10-23,1.22
3,BE-1003-XX,ARIMA,Harian,2026-10-24,1.22
3,BE-1003-XX,ARIMA,Harian,2026-10-25,1.22
3,BE-1003-XX,ARIMA,Harian,2026-10-26,1.22
3,BE-1003-XX,ARIMA,Harian,2026-10-27,1.22
3,BE-1003-XX,ARIMA,Harian,2026-10-28,1.22
3,BE-1003-XX,ARIMA,Harian,2026-10-29,1.22
3,BE-1003-XX,ARIMA,Harian,2026-10-30,1.22
3,BE-1003-XX,ARIMA,Harian,2026-10-31,1.22
3,BE-1003-XX,ARIMA,Harian,2026-11-01,1.22
3,BE-1003-XX,ARIMA,Harian,2026-11-02,1.22
3,BE-1003-XX,ARIMA,Harian,2026-11-03,1.22
3,BE-1003-XX,ARIMA,Harian,2026-11-04,1.22
3,BE-1003-XX,ARIMA,Harian,2026-11-05,1.22
3,BE-1003-XX,ARIMA,Harian,2026-11-06,1.22
3,BE-1003-XX,ARIMA,Harian,2026-11-07,1.22
3,BE-1003-XX,ARIMA,Harian,2026-11-08,1.22
3,BE-1003-XX,ARIMA,Harian,2026-11-09,1.22
3,BE-1003-XX,ARIMA,Harian,2026-11-10,1.22
3,BE-1003-XX,ARIMA,Harian,2026-11-11,1.22
3,BE-1003-XX,ARIMA,Harian,2026-11-12,1.22
3,BE-1003-XX,ARIMA,Harian,2026-11-13,1.22
3,BE-1003-XX,ARIMA,Harian,2026-11-14,1.22
3,BE-1003-XX,ARIMA,Harian,2026-11-15,1.22
3,BE-1003-XX,ARIMA,Harian,2026-11-16,1.22
3,BE-1003-XX,ARIMA,Harian,2026-11-17,1.22
3,BE-1003-XX,ARIMA,Harian,2026-11-18,1.22
3,BE-1003-XX,ARIMA,Harian,2026-11-19,1.22
3,BE-1003-XX,ARIMA,Harian,2026-11-20,1.22
3,BE-1003-XX,ARIMA,Harian,2026-11-21,1.22
3,BE-1003-XX,ARIMA,Harian,2026-11-22,1.22
3,BE-1003-XX,ARIMA,Harian,2026-11-23,1.22
3,BE-1003-XX,ARIMA,Harian,2026-11-24,1.22
3,BE-1003-XX,ARIMA,Harian,2026-11-25,1.22
3,BE-1003-XX,ARIMA,Harian,2026-11-26,1.22
3,BE-1003-XX,ARIMA,Harian,2026-11-27,1.22
3,BE-1003-XX,ARIMA,Harian,2026-11-28,1.22
3,BE-1003-XX,ARIMA,Harian,2026-11-29,1.22
3,BE-1003-XX,ARIMA,Harian,2026-11-30,1.22
3,BE-1003-XX,ARIMA,Harian,2026-12-01,1.22
3,BE-1003-XX,ARIMA,Harian,2026-12-02,1.22
3,BE-1003-XX,ARIMA,Harian,2026-12-03,1.22
3,BE-1003-XX,ARIMA,Harian,2026-12-04,1.22
3,BE-1003-XX,ARIMA,Harian,2026-12-05,1.22
3,BE-1003-XX,ARIMA,Harian,2026-12-06,1.22
3,BE-1003-XX,ARIMA,Harian,2026-12-07,1.22
3,BE-1003-XX,ARIMA,Harian,2026-12-08,1.22
3,BE-1003-XX,ARIMA,Harian,2026-12-09,1.22
3,BE-1003-XX,ARIMA,Harian,2026-12-10,1.22
3,BE-1003-XX,ARIMA,Harian,2026-12-11,1.22
3,BE-1003-XX,ARIMA,Harian,2026-12-12,1.22
3,BE-1003-XX,ARIMA,Harian,2026-12-13,1.22
3,BE-1003-XX,ARIMA,Harian,2026-12-14,1.22
3,BE-1003-XX,ARIMA,Harian,2026-12-15,1.22
3,BE-1003-XX,ARIMA,Harian,2026-12-16,1.22
3,BE-1003-XX,ARIMA,Harian,2026-12-17,1.22
3,BE-1003-XX,ARIMA,Harian,2026-12-18,1.22
3,BE-1003-XX,ARIMA,Harian,2026-12-19,1.22
3,BE-1003-XX,ARIMA,Harian,2026-12-20,1.22
3,BE-1003-XX,ARIMA,Harian,2026-12-21,1.22
3,BE-1003-XX,ARIMA,Harian,2026-12-22,1.22
3,BE-1003-XX,ARIMA,Harian,2026-12-23,1.22
3,BE-1003-XX,ARIMA,Harian,2026-12-24,1.22
3,BE-1003-XX,ARIMA,Harian,2026-12-25,1.22
3,BE-1003-XX,ARIMA,Harian,2026-12-26,1.22
3,BE-1003-XX,ARIMA,Harian,2026-12-27,1.22
3,BE-1003-XX,ARIMA,Harian,2026-12-28,1.22
3,BE-1003-XX,ARIMA,Harian,2026-12-29,1.22
3,BE-1003-XX,ARIMA,Harian,2026-12-30,1.22
3,BE-1003-XX,ARIMA,Harian,2026-12-31,1.22
3,BE-1003-XX,ARIMA,Bulanan,2026-01,37.07
3,BE-1003-XX,ARIMA,Bulanan,2026-02,34.15
3,BE-1003-XX,ARIMA,Bulanan,2026-03,37.8
3,BE-1003-XX,ARIMA,Bulanan,2026-04,36.58
3,BE-1003-XX,ARIMA,Bulanan,2026-05,37.8
3,BE-1003-XX,ARIMA,Bulanan,2026-06,36.58
3,BE-1003-XX,ARIMA,Bulanan,2026-07,37.8
3,BE-1003-XX,ARIMA,Bulanan,2026-08,37.8
3,BE-1003-XX,ARIMA,Bulanan,2026-09,36.58
3,BE-1003-XX,ARIMA,Bulanan,2026-10,37.8
3,BE-1003-XX,ARIMA,Bulanan,2026-11,36.58
3,BE-1003-XX,ARIMA,Bulanan,2026-12,37.8
3,BE-1003-XX,ARIMA,Tahunan,2026,444.37
4,BE-1004-XX,ARIMA,Harian,2026-01-01,16.93
4,BE-1004-XX,ARIMA,Harian,2026-01-02,14.01
4,BE-1004-XX,ARIMA,Harian,2026-01-03,23.54
4,BE-1004-XX,ARIMA,Harian,2026-01-04,18.14
4,BE-1004-XX,ARIMA,Harian,2026-01-05,14.27
4,BE-1004-XX,ARIMA,Harian,2026-01-06,19.78
4,BE-1004-XX,ARIMA,Harian,2026-01-07,18.26
4,BE-1004-XX,ARIMA,Harian,2026-01-08,17.19
4,BE-1004-XX,ARIMA,Harian,2026-01-09,18.91
4,BE-1004-XX,ARIMA,Harian,2026-01-10,18.17
4,BE-1004-XX,ARIMA,Harian,2026-01-11,17.28
4,BE-1004-XX,ARIMA,Harian,2026-01-12,18.33
4,BE-1004-XX,ARIMA,Harian,2026-01-13,18.16
4,BE-1004-XX,ARIMA,Harian,2026-01-14,17.87
4,BE-1004-XX,ARIMA,Harian,2026-01-15,18.17
4,BE-1004-XX,ARIMA,Harian,2026-01-16,18.08
4,BE-1004-XX,ARIMA,Harian,2026-01-17,17.89
4,BE-1004-XX,ARIMA,Harian,2026-01-18,18.09
4,BE-1004-XX,ARIMA,Harian,2026-01-19,18.07
4,BE-1004-XX,ARIMA,Harian,2026-01-20,18.01
4,BE-1004-XX,ARIMA,Harian,2026-01-21,18.06
4,BE-1004-XX,ARIMA,Harian,2026-01-22,18.05
4,BE-1004-XX,ARIMA,Harian,2026-01-23,18.01
4,BE-1004-XX,ARIMA,Harian,2026-01-24,18.05
4,BE-1004-XX,ARIMA,Harian,2026-01-25,18.05
4,BE-1004-XX,ARIMA,Harian,2026-01-26,18.03
4,BE-1004-XX,ARIMA,Harian,2026-01-27,18.04
4,BE-1004-XX,ARIMA,Harian,2026-01-28,18.04
4,BE-1004-XX,ARIMA,Harian,2026-01-29,18.03
4,BE-1004-XX,ARIMA,Harian,2026-01-30,18.04
4,BE-1004-XX,ARIMA,Harian,2026-01-31,18.04
4,BE-1004-XX,ARIMA,Harian,2026-02-01,18.04
4,BE-1004-XX,ARIMA,Harian,2026-02-02,18.04
4,BE-1004-XX,ARIMA,Harian,2026-02-03,18.04
4,BE-1004-XX,ARIMA,Harian,2026-02-04,18.04
4,BE-1004-XX,ARIMA,Harian,2026-02-05,18.04
4,BE-1004-XX,ARIMA,Harian,2026-02-06,18.04
4,BE-1004-XX,ARIMA,Harian,2026-02-07,18.04
4,BE-1004-XX,ARIMA,Harian,2026-02-08,18.04
4,BE-1004-XX,ARIMA,Harian,2026-02-09,18.04
4,BE-1004-XX,ARIMA,Harian,2026-02-10,18.04
4,BE-1004-XX,ARIMA,Harian,2026-02-11,18.04
4,BE-1004-XX,ARIMA,Harian,2026-02-12,18.04
4,BE-1004-XX,ARIMA,Harian,2026-02-13,18.04
4,BE-1004-XX,ARIMA,Harian,2026-02-14,18.04
4,BE-1004-XX,ARIMA,Harian,2026-02-15,18.04
4,BE-1004-XX,ARIMA,Harian,2026-02-16,18.04
4,BE-1004-XX,ARIMA,Harian,2026-02-17,18.04
4,BE-1004-XX,ARIMA,Harian,2026-02-18,18.04
4,BE-1004-XX,ARIMA,Harian,2026-02-19,18.04
4,BE-1004-XX,ARIMA,Harian,2026-02-20,18.04
4,BE-1004-XX,ARIMA,Harian,2026-02-21,18.04
4,BE-1004-XX,ARIMA,Harian,2026-02-22,18.04
4,BE-1004-XX,ARIMA,Harian,2026-02-23,18.04
4,BE-1004-XX,ARIMA,Harian,2026-02-24,18.04
4,BE-1004-XX,ARIMA,Harian,2026-02-25,18.04
4,BE-1004-XX,ARIMA,Harian,2026-02-26,18.04
4,BE-1004-XX,ARIMA,Harian,2026-02-27,18.04
4,BE-1004-XX,ARIMA,Harian,2026-02-28,18.04
4,BE-1004-XX,ARIMA,Harian,2026-03-01,18.04
4,BE-1004-XX,ARIMA,Harian,2026-03-02,18.04
4,BE-1004-XX,ARIMA,Harian,2026-03-03,18.04
4,BE-1004-XX,ARIMA,Harian,2026-03-04,18.04
4,BE-1004-XX,ARIMA,Harian,2026-03-05,18.04
4,BE-1004-XX,ARIMA,Harian,2026-03-06,18.04
4,BE-1004-XX,ARIMA,Harian,2026-03-07,18.04
4,BE-1004-XX,ARIMA,Harian,2026-03-08,18.04
4,BE-1004-XX,ARIMA,Harian,2026-03-09,18.04
4,BE-1004-XX,ARIMA,Harian,2026-03-10,18.04
4,BE-1004-XX,ARIMA,Harian,2026-03-11,18.04
4,BE-1004-XX,ARIMA,Harian,2026-03-12,18.04
4,BE-1004-XX,ARIMA,Harian,2026-03-13,18.04
4,BE-1004-XX,ARIMA,Harian,2026-03-14,18.04
4,BE-1004-XX,ARIMA,Harian,2026-03-15,18.04
4,BE-1004-XX,ARIMA,Harian,2026-03-16,18.04
4,BE-1004-XX,ARIMA,Harian,2026-03-17,18.04
4,BE-1004-XX,ARIMA,Harian,2026-03-18,18.04
4,BE-1004-XX,ARIMA,Harian,2026-03-19,18.04
4,BE-1004-XX,ARIMA,Harian,2026-03-20,18.04
4,BE-1004-XX,ARIMA,Harian,2026-03-21,18.04
4,BE-1004-XX,ARIMA,Harian,2026-03-22,18.04
4,BE-1004-XX,ARIMA,Harian,2026-03-23,18.04
4,BE-1004-XX,ARIMA,Harian,2026-03-24,18.04
4,BE-1004-XX,ARIMA,Harian,2026-03-25,18.04
4,BE-1004-XX,ARIMA,Harian,2026-03-26,18.04
4,BE-1004-XX,ARIMA,Harian,2026-03-27,18.04
4,BE-1004-XX,ARIMA,Harian,2026-03-28,18.04
4,BE-1004-XX,ARIMA,Harian,2026-03-29,18.04
4,BE-1004-XX,ARIMA,Harian,2026-03-30,18.04
4,BE-1004-XX,ARIMA,Harian,2026-03-31,18.04
4,BE-1004-XX,ARIMA,Harian,2026-04-01,18.04
4,BE-1004-XX,ARIMA,Harian,2026-04-02,18.04
4,BE-1004-XX,ARIMA,Harian,2026-04-03,18.04
4,BE-1004-XX,ARIMA,Harian,2026-04-04,18.04
4,BE-1004-XX,ARIMA,Harian,2026-04-05,18.04
4,BE-1004-XX,ARIMA,Harian,2026-04-06,18.04
4,BE-1004-XX,ARIMA,Harian,2026-04-07,18.04
4,BE-1004-XX,ARIMA,Harian,2026-04-08,18.04
4,BE-1004-XX,ARIMA,Harian,2026-04-09,18.04
4,BE-1004-XX,ARIMA,Harian,2026-04-10,18.04
4,BE-1004-XX,ARIMA,Harian,2026-04-11,18.04
4,BE-1004-XX,ARIMA,Harian,2026-04-12,18.04
4,BE-1004-XX,ARIMA,Harian,2026-04-13,18.04
4,BE-1004-XX,ARIMA,Harian,2026-04-14,18.04
4,BE-1004-XX,ARIMA,Harian,2026-04-15,18.04
4,BE-1004-XX,ARIMA,Harian,2026-04-16,18.04
4,BE-1004-XX,ARIMA,Harian,2026-04-17,18.04
4,BE-1004-XX,ARIMA,Harian,2026-04-18,18.04
4,BE-1004-XX,ARIMA,Harian,2026-04-19,18.04
4,BE-1004-XX,ARIMA,Harian,2026-04-20,18.04
4,BE-1004-XX,ARIMA,Harian,2026-04-21,18.04
4,BE-1004-XX,ARIMA,Harian,2026-04-22,18.04
4,BE-1004-XX,ARIMA,Harian,2026-04-23,18.04
4,BE-1004-XX,ARIMA,Harian,2026-04-24,18.04
4,BE-1004-XX,ARIMA,Harian,2026-04-25,18.04
4,BE-1004-XX,ARIMA,Harian,2026-04-26,18.04
4,BE-1004-XX,ARIMA,Harian,2026-04-27,18.04
4,BE-1004-XX,ARIMA,Harian,2026-04-28,18.04
4,BE-1004-XX,ARIMA,Harian,2026-04-29,18.04
4,BE-1004-XX,ARIMA,Harian,2026-04-30,18.04
4,BE-1004-XX,ARIMA,Harian,2026-05-01,18.04
4,BE-1004-XX,ARIMA,Harian,2026-05-02,18.04
4,BE-1004-XX,ARIMA,Harian,2026-05-03,18.04
4,BE-1004-XX,ARIMA,Harian,2026-05-04,18.04
4,BE-1004-XX,ARIMA,Harian,2026-05-05,18.04
4,BE-1004-XX,ARIMA,Harian,2026-05-06,18.04
4,BE-1004-XX,ARIMA,Harian,2026-05-07,18.04
4,BE-1004-XX,ARIMA,Harian,2026-05-08,18.04
4,BE-1004-XX,ARIMA,Harian,2026-05-09,18.04
4,BE-1004-XX,ARIMA,Harian,2026-05-10,18.04
4,BE-1004-XX,ARIMA,Harian,2026-05-11,18.04
4,BE-1004-XX,ARIMA,Harian,2026-05-12,18.04
4,BE-1004-XX,ARIMA,Harian,2026-05-13,18.04
4,BE-1004-XX,ARIMA,Harian,2026-05-14,18.04
4,BE-1004-XX,ARIMA,Harian,2026-05-15,18.04
4,BE-1004-XX,ARIMA,Harian,2026-05-16,18.04
4,BE-1004-XX,ARIMA,Harian,2026-05-17,18.04
4,BE-1004-XX,ARIMA,Harian,2026-05-18,18.04
4,BE-1004-XX,ARIMA,Harian,2026-05-19,18.04
4,BE-1004-XX,ARIMA,Harian,2026-05-20,18.04
4,BE-1004-XX,ARIMA,Harian,2026-05-21,18.04
4,BE-1004-XX,ARIMA,Harian,2026-05-22,18.04
4,BE-1004-XX,ARIMA,Harian,2026-05-23,18.04
4,BE-1004-XX,ARIMA,Harian,2026-05-24,18.04
4,BE-1004-XX,ARIMA,Harian,2026-05-25,18.04
4,BE-1004-XX,ARIMA,Harian,2026-05-26,18.04
4,BE-1004-XX,ARIMA,Harian,2026-05-27,18.04
4,BE-1004-XX,ARIMA,Harian,2026-05-28,18.04
4,BE-1004-XX,ARIMA,Harian,2026-05-29,18.04
4,BE-1004-XX,ARIMA,Harian,2026-05-30,18.04
4,BE-1004-XX,ARIMA,Harian,2026-05-31,18.04
4,BE-1004-XX,ARIMA,Harian,2026-06-01,18.04
4,BE-1004-XX,ARIMA,Harian,2026-06-02,18.04
4,BE-1004-XX,ARIMA,Harian,2026-06-03,18.04
4,BE-1004-XX,ARIMA,Harian,2026-06-04,18.04
4,BE-1004-XX,ARIMA,Harian,2026-06-05,18.04
4,BE-1004-XX,ARIMA,Harian,2026-06-06,18.04
4,BE-1004-XX,ARIMA,Harian,2026-06-07,18.04
4,BE-1004-XX,ARIMA,Harian,2026-06-08,18.04
4,BE-1004-XX,ARIMA,Harian,2026-06-09,18.04
4,BE-1004-XX,ARIMA,Harian,2026-06-10,18.04
4,BE-1004-XX,ARIMA,Harian,2026-06-11,18.04
4,BE-1004-XX,ARIMA,Harian,2026-06-12,18.04
4,BE-1004-XX,ARIMA,Harian,2026-06-13,18.04
4,BE-1004-XX,ARIMA,Harian,2026-06-14,18.04
4,BE-1004-XX,ARIMA,Harian,2026-06-15,18.04
4,BE-1004-XX,ARIMA,Harian,2026-06-16,18.04
4,BE-1004-XX,ARIMA,Harian,2026-06-17,18.04
4,BE-1004-XX,ARIMA,Harian,2026-06-18,18.04
4,BE-1004-XX,ARIMA,Harian,2026-06-19,18.04
4,BE-1004-XX,ARIMA,Harian,2026-06-20,18.04
4,BE-1004-XX,ARIMA,Harian,2026-06-21,18.04
4,BE-1004-XX,ARIMA,Harian,2026-06-22,18.04
4,BE-1004-XX,ARIMA,Harian,2026-06-23,18.04
4,BE-1004-XX,ARIMA,Harian,2026-06-24,18.04
4,BE-1004-XX,ARIMA,Harian,2026-06-25,18.04
4,BE-1004-XX,ARIMA,Harian,2026-06-26,18.04
4,BE-1004-XX,ARIMA,Harian,2026-06-27,18.04
4,BE-1004-XX,ARIMA,Harian,2026-06-28,18.04
4,BE-1004-XX,ARIMA,Harian,2026-06-29,18.04
4,BE-1004-XX,ARIMA,Harian,2026-06-30,18.04
4,BE-1004-XX,ARIMA,Harian,2026-07-01,18.04
4,BE-1004-XX,ARIMA,Harian,2026-07-02,18.04
4,BE-1004-XX,ARIMA,Harian,2026-07-03,18.04
4,BE-1004-XX,ARIMA,Harian,2026-07-04,18.04
4,BE-1004-XX,ARIMA,Harian,2026-07-05,18.04
4,BE-1004-XX,ARIMA,Harian,2026-07-06,18.04
4,BE-1004-XX,ARIMA,Harian,2026-07-07,18.04
4,BE-1004-XX,ARIMA,Harian,2026-07-08,18.04
4,BE-1004-XX,ARIMA,Harian,2026-07-09,18.04
4,BE-1004-XX,ARIMA,Harian,2026-07-10,18.04
4,BE-1004-XX,ARIMA,Harian,2026-07-11,18.04
4,BE-1004-XX,ARIMA,Harian,2026-07-12,18.04
4,BE-1004-XX,ARIMA,Harian,2026-07-13,18.04
4,BE-1004-XX,ARIMA,Harian,2026-07-14,18.04
4,BE-1004-XX,ARIMA,Harian,2026-07-15,18.04
4,BE-1004-XX,ARIMA,Harian,2026-07-16,18.04
4,BE-1004-XX,ARIMA,Harian,2026-07-17,18.04
4,BE-1004-XX,ARIMA,Harian,2026-07-18,18.04
4,BE-1004-XX,ARIMA,Harian,2026-07-19,18.04
4,BE-1004-XX,ARIMA,Harian,2026-07-20,18.04
4,BE-1004-XX,ARIMA,Harian,2026-07-21,18.04
4,BE-1004-XX,ARIMA,Harian,2026-07-22,18.04
4,BE-1004-XX,ARIMA,Harian,2026-07-23,18.04
4,BE-1004-XX,ARIMA,Harian,2026-07-24,18.04
4,BE-1004-XX,ARIMA,Harian,2026-07-25,18.04
4,BE-1004-XX,ARIMA,Harian,2026-07-26,18.04
4,BE-1004-XX,ARIMA,Harian,2026-07-27,18.04
4,BE-1004-XX,ARIMA,Harian,2026-07-28,18.04
4,BE-1004-XX,ARIMA,Harian,2026-07-29,18.04
4,BE-1004-XX,ARIMA,Harian,2026-07-30,18.04
4,BE-1004-XX,ARIMA,Harian,2026-07-31,18.04
4,BE-1004-XX,ARIMA,Harian,2026-08-01,18.04
4,BE-1004-XX,ARIMA,Harian,2026-08-02,18.04
4,BE-1004-XX,ARIMA,Harian,2026-08-03,18.04
4,BE-1004-XX,ARIMA,Harian,2026-08-04,18.04
4,BE-1004-XX,ARIMA,Harian,2026-08-05,18.04
4,BE-1004-XX,ARIMA,Harian,2026-08-06,18.04
4,BE-1004-XX,ARIMA,Harian,2026-08-07,18.04
4,BE-1004-XX,ARIMA,Harian,2026-08-08,18.04
4,BE-1004-XX,ARIMA,Harian,2026-08-09,18.04
4,BE-1004-XX,ARIMA,Harian,2026-08-10,18.04
4,BE-1004-XX,ARIMA,Harian,2026-08-11,18.04
4,BE-1004-XX,ARIMA,Harian,2026-08-12,18.04
4,BE-1004-XX,ARIMA,Harian,2026-08-13,18.04
4,BE-1004-XX,ARIMA,Harian,2026-08-14,18.04
4,BE-1004-XX,ARIMA,Harian,2026-08-15,18.04
4,BE-1004-XX,ARIMA,Harian,2026-08-16,18.04
4,BE-1004-XX,ARIMA,Harian,2026-08-17,18.04
4,BE-1004-XX,ARIMA,Harian,2026-08-18,18.04
4,BE-1004-XX,ARIMA,Harian,2026-08-19,18.04
4,BE-1004-XX,ARIMA,Harian,2026-08-20,18.04
4,BE-1004-XX,ARIMA,Harian,2026-08-21,18.04
4,BE-1004-XX,ARIMA,Harian,2026-08-22,18.04
4,BE-1004-XX,ARIMA,Harian,2026-08-23,18.04
4,BE-1004-XX,ARIMA,Harian,2026-08-24,18.04
4,BE-1004-XX,ARIMA,Harian,2026-08-25,18.04
4,BE-1004-XX,ARIMA,Harian,2026-08-26,18.04
4,BE-1004-XX,ARIMA,Harian,2026-08-27,18.04
4,BE-1004-XX,ARIMA,Harian,2026-08-28,18.04
4,BE-1004-XX,ARIMA,Harian,2026-08-29,18.04
4,BE-1004-XX,ARIMA,Harian,2026-08-30,18.04
4,BE-1004-XX,ARIMA,Harian,2026-08-31,18.04
4,BE-1004-XX,ARIMA,Harian,2026-09-01,18.04
4,BE-1004-XX,ARIMA,Harian,2026-09-02,18.04
4,BE-1004-XX,ARIMA,Harian,2026-09-03,18.04
4,BE-1004-XX,ARIMA,Harian,2026-09-04,18.04
4,BE-1004-XX,ARIMA,Harian,2026-09-05,18.04
4,BE-1004-XX,ARIMA,Harian,2026-09-06,18.04
4,BE-1004-XX,ARIMA,Harian,2026-09-07,18.04
4,BE-1004-XX,ARIMA,Harian,2026-09-08,18.04
4,BE-1004-XX,ARIMA,Harian,2026-09-09,18.04
4,BE-1004-XX,ARIMA,Harian,2026-09-10,18.04
4,BE-1004-XX,ARIMA,Harian,2026-09-11,18.04
4,BE-1004-XX,ARIMA,Harian,2026-09-12,18.04
4,BE-1004-XX,ARIMA,Harian,2026-09-13,18.04
4,BE-1004-XX,ARIMA,Harian,2026-09-14,18.04
4,BE-1004-XX,ARIMA,Harian,2026-09-15,18.04
4,BE-1004-XX,ARIMA,Harian,2026-09-16,18.04
4,BE-1004-XX,ARIMA,Harian,2026-09-17,18.04
4,BE-1004-XX,ARIMA,Harian,2026-09-18,18.04
4,BE-1004-XX,ARIMA,Harian,2026-09-19,18.04
4,BE-1004-XX,ARIMA,Harian,2026-09-20,18.04
4,BE-1004-XX,ARIMA,Harian,2026-09-21,18.04
4,BE-1004-XX,ARIMA,Harian,2026-09-22,18.04
4,BE-1004-XX,ARIMA,Harian,2026-09-23,18.04
4,BE-1004-XX,ARIMA,Harian,2026-09-24,18.04
4,BE-1004-XX,ARIMA,Harian,2026-09-25,18.04
4,BE-1004-XX,ARIMA,Harian,2026-09-26,18.04
4,BE-1004-XX,ARIMA,Harian,2026-09-27,18.04
4,BE-1004-XX,ARIMA,Harian,2026-09-28,18.04
4,BE-1004-XX,ARIMA,Harian,2026-09-29,18.04
4,BE-1004-XX,ARIMA,Harian,2026-09-30,18.04
4,BE-1004-XX,ARIMA,Harian,2026-10-01,18.04
4,BE-1004-XX,ARIMA,Harian,2026-10-02,18.04
4,BE-1004-XX,ARIMA,Harian,2026-10-03,18.04
4,BE-1004-XX,ARIMA,Harian,2026-10-04,18.04
4,BE-1004-XX,ARIMA,Harian,2026-10-05,18.04
4,BE-1004-XX,ARIMA,Harian,2026-10-06,18.04
4,BE-1004-XX,ARIMA,Harian,2026-10-07,18.04
4,BE-1004-XX,ARIMA,Harian,2026-10-08,18.04
4,BE-1004-XX,ARIMA,Harian,2026-10-09,18.04
4,BE-1004-XX,ARIMA,Harian,2026-10-10,18.04
4,BE-1004-XX,ARIMA,Harian,2026-10-11,18.04
4,BE-1004-XX,ARIMA,Harian,2026-10-12,18.04
4,BE-1004-XX,ARIMA,Harian,2026-10-13,18.04
4,BE-1004-XX,ARIMA,Harian,2026-10-14,18.04
4,BE-1004-XX,ARIMA,Harian,2026-10-15,18.04
4,BE-1004-XX,ARIMA,Harian,2026-10-16,18.04
4,BE-1004-XX,ARIMA,Harian,2026-10-17,18.04
4,BE-1004-XX,ARIMA,Harian,2026-10-18,18.04
4,BE-1004-XX,ARIMA,Harian,2026-10-19,18.04
4,BE-1004-XX,ARIMA,Harian,2026-10-20,18.04
4,BE-1004-XX,ARIMA,Harian,2026-10-21,18.04
4,BE-1004-XX,ARIMA,Harian,2026-10-22,18.04
4,BE-1004-XX,ARIMA,Harian,2026-10-23,18.04
4,BE-1004-XX,ARIMA,Harian,2026-10-24,18.04
4,BE-1004-XX,ARIMA,Harian,2026-10-25,18.04
4,BE-1004-XX,ARIMA,Harian,2026-10-26,18.04
4,BE-1004-XX,ARIMA,Harian,2026-10-27,18.04
4,BE-1004-XX,ARIMA,Harian,2026-10-28,18.04
4,BE-1004-XX,ARIMA,Harian,2026-10-29,18.04
4,BE-1004-XX,ARIMA,Harian,2026-10-30,18.04
4,BE-1004-XX,ARIMA,Harian,2026-10-31,18.04
4,BE-1004-XX,ARIMA,Harian,2026-11-01,18.04
4,BE-1004-XX,ARIMA,Harian,2026-11-02,18.04
4,BE-1004-XX,ARIMA,Harian,2026-11-03,18.04
4,BE-1004-XX,ARIMA,Harian,2026-11-04,18.04
4,BE-1004-XX,ARIMA,Harian,2026-11-05,18.04
4,BE-1004-XX,ARIMA,Harian,2026-11-06,18.04
4,BE-1004-XX,ARIMA,Harian,2026-11-07,18.04
4,BE-1004-XX,ARIMA,Harian,2026-11-08,18.04
4,BE-1004-XX,ARIMA,Harian,2026-11-09,18.04
4,BE-1004-XX,ARIMA,Harian,2026-11-10,18.04
4,BE-1004-XX,ARIMA,Harian,2026-11-11,18.04
4,BE-1004-XX,ARIMA,Harian,2026-11-12,18.04
4,BE-1004-XX,ARIMA,Harian,2026-11-13,18.04
4,BE-1004-XX,ARIMA,Harian,2026-11-14,18.04
4,BE-1004-XX,ARIMA,Harian,2026-11-15,18.04
4,BE-1004-XX,ARIMA,Harian,2026-11-16,18.04
4,BE-1004-XX,ARIMA,Harian,2026-11-17,18.04
4,BE-1004-XX,ARIMA,Harian,2026-11-18,18.04
4,BE-1004-XX,ARIMA,Harian,2026-11-19,18.04
4,BE-1004-XX,ARIMA,Harian,2026-11-20,18.04
4,BE-1004-XX,ARIMA,Harian,2026-11-21,18.04
4,BE-1004-XX,ARIMA,Harian,2026-11-22,18.04
4,BE-1004-XX,ARIMA,Harian,2026-11-23,18.04
4,BE-1004-XX,ARIMA,Harian,2026-11-24,18.04
4,BE-1004-XX,ARIMA,Harian,2026-11-25,18.04
4,BE-1004-XX,ARIMA,Harian,2026-11-26,18.04
4,BE-1004-XX,ARIMA,Harian,2026-11-27,18.04
4,BE-1004-XX,ARIMA,Harian,2026-11-28,18.04
4,BE-1004-XX,ARIMA,Harian,2026-11-29,18.04
4,BE-1004-XX,ARIMA,Harian,2026-11-30,18.04
4,BE-1004-XX,ARIMA,Harian,2026-12-01,18.04
4,BE-1004-XX,ARIMA,Harian,2026-12-02,18.04
4,BE-1004-XX,ARIMA,Harian,2026-12-03,18.04
4,BE-1004-XX,ARIMA,Harian,2026-12-04,18.04
4,BE-1004-XX,ARIMA,Harian,2026-12-05,18.04
4,BE-1004-XX,ARIMA,Harian,2026-12-06,18.04
4,BE-1004-XX,ARIMA,Harian,2026-12-07,18.04
4,BE-1004-XX,ARIMA,Harian,2026-12-08,18.04
4,BE-1004-XX,ARIMA,Harian,2026-12-09,18.04
4,BE-1004-XX,ARIMA,Harian,2026-12-10,18.04
4,BE-1004-XX,ARIMA,Harian,2026-12-11,18.04
4,BE-1004-XX,ARIMA,Harian,2026-12-12,18.04
4,BE-1004-XX,ARIMA,Harian,2026-12-13,18.04
4,BE-1004-XX,ARIMA,Harian,2026-12-14,18.04
4,BE-1004-XX,ARIMA,Harian,2026-12-15,18.04
4,BE-1004-XX,ARIMA,Harian,2026-12-16,18.04
4,BE-1004-XX,ARIMA,Harian,2026-12-17,18.04
4,BE-1004-XX,ARIMA,Harian,2026-12-18,18.04
4,BE-1004-XX,ARIMA,Harian,2026-12-19,18.04
4,BE-1004-XX,ARIMA,Harian,2026-12-20,18.04
4,BE-1004-XX,ARIMA,Harian,2026-12-21,18.04
4,BE-1004-XX,ARIMA,Harian,2026-12-22,18.04
4,BE-1004-XX,ARIMA,Harian,2026-12-23,18.04
4,BE-1004-XX,ARIMA,Harian,2026-12-24,18.04
4,BE-1004-XX,ARIMA,Harian,2026-12-25,18.04
4,BE-1004-XX,ARIMA,Harian,2026-12-26,18.04
4,BE-1004-XX,ARIMA,Harian,2026-12-27,18.04
4,BE-1004-XX,ARIMA,Harian,2026-12-28,18.04
4,BE-1004-XX,ARIMA,Harian,2026-12-29,18.04
4,BE-1004-XX,ARIMA,Harian,2026-12-30,18.04
4,BE-1004-XX,ARIMA,Harian,2026-12-31,18.04
4,BE-1004-XX,ARIMA,Bulanan,2026-01,557.6
4,BE-1004-XX,ARIMA,Bulanan,2026-02,505.09
4,BE-1004-XX,ARIMA,Bulanan,2026-03,559.21
4,BE-1004-XX,ARIMA,Bulanan,2026-04,541.17
4,BE-1004-XX,ARIMA,Bulanan,2026-05,559.21
4,BE-1004-XX,ARIMA,Bulanan,2026-06,541.17
4,BE-1004-XX,ARIMA,Bulanan,2026-07,559.21
4,BE-1004-XX,ARIMA,Bulanan,2026-08,559.21
4,BE-1004-XX,ARIMA,Bulanan,2026-09,541.17
4,BE-1004-XX,ARIMA,Bulanan,2026-10,559.21
4,BE-1004-XX,ARIMA,Bulanan,2026-11,541.17
4,BE-1004-XX,ARIMA,Bulanan,2026-12,559.21
4,BE-1004-XX,ARIMA,Tahunan,2026,6582.64
