vehicle_id,method,period_type,period_start,period_end,recommended_liter,original_value,flag_over_quota,flag_outlier,kuota_bulanan_liter
1,arima,daily,2026-01-01,2026-01-02,8.29,8.29,False,False,100
1,arima,daily,2026-01-02,2026-01-03,8.29,8.29,False,False,100
1,arima,daily,2026-01-03,2026-01-04,8.29,8.29,False,False,100
1,arima,daily,2026-01-04,2026-01-05,8.29,8.29,False,False,100
1,arima,daily,2026-01-05,2026-01-06,8.29,8.29,False,False,100
1,arima,daily,2026-01-06,2026-01-07,8.29,8.29,False,False,100
1,arima,daily,2026-01-07,2026-01-08,8.29,8.29,False,False,100
1,arima,daily,2026-01-08,2026-01-09,8.29,8.29,False,False,100
1,arima,daily,2026-01-09,2026-01-10,8.29,8.29,False,False,100
1,arima,daily,2026-01-10,2026-01-11,8.29,8.29,False,False,100
1,arima,daily,2026-01-11,2026-01-12,8.29,8.29,False,False,100
1,arima,daily,2026-01-12,2026-01-13,8.29,8.29,False,False,100
1,arima,daily,2026-01-13,2026-01-14,8.29,8.29,False,False,100
1,arima,daily,2026-01-14,2026-01-15,8.29,8.29,False,False,100
1,arima,daily,2026-01-15,2026-01-16,8.29,8.29,False,False,100
1,arima,daily,2026-01-16,2026-01-17,8.29,8.29,False,False,100
1,arima,daily,2026-01-17,2026-01-18,8.29,8.29,False,False,100
1,arima,daily,2026-01-18,2026-01-19,8.29,8.29,False,False,100
1,arima,daily,2026-01-19,2026-01-20,8.29,8.29,False,False,100
1,arima,daily,2026-01-20,2026-01-21,8.29,8.29,False,False,100
1,arima,daily,2026-01-21,2026-01-22,8.29,8.29,False,False,100
1,arima,daily,2026-01-22,2026-01-23,8.29,8.29,False,False,100
1,arima,daily,2026-01-23,2026-01-24,8.29,8.29,False,False,100
1,arima,daily,2026-01-24,2026-01-25,8.29,8.29,False,False,100
1,arima,daily,2026-01-25,2026-01-26,8.29,8.29,False,False,100
1,arima,daily,2026-01-26,2026-01-27,8.29,8.29,False,False,100
1,arima,daily,2026-01-27,2026-01-28,8.29,8.29,False,False,100
1,arima,daily,2026-01-28,2026-01-29,8.29,8.29,False,False,100
1,arima,daily,2026-01-29,2026-01-30,8.29,8.29,False,False,100
1,arima,daily,2026-01-30,2026-01-31,8.29,8.29,False,False,100
1,arima,daily,2026-01-31,2026-02-01,8.29,8.29,False,False,100
1,arima,daily,2026-02-01,2026-02-02,8.29,8.29,False,False,100
1,arima,daily,2026-02-02,2026-02-03,8.29,8.29,False,False,100
1,arima,daily,2026-02-03,2026-02-04,8.29,8.29,False,False,100
1,arima,daily,2026-02-04,2026-02-05,8.29,8.29,False,False,100
1,arima,daily,2026-02-05,2026-02-06,8.29,8.29,False,False,100
1,arima,daily,2026-02-06,2026-02-07,8.29,8.29,False,False,100
1,arima,daily,2026-02-07,2026-02-08,8.29,8.29,False,False,100
1,arima,daily,2026-02-08,2026-02-09,8.29,8.29,False,False,100
1,arima,daily,2026-02-09,2026-02-10,8.29,8.29,False,False,100
1,arima,daily,2026-02-10,2026-02-11,8.29,8.29,False,False,100
1,arima,daily,2026-02-11,2026-02-12,8.29,8.29,False,False,100
1,arima,daily,2026-02-12,2026-02-13,8.29,8.29,False,False,100
1,arima,daily,2026-02-13,2026-02-14,8.29,8.29,False,False,100
1,arima,daily,2026-02-14,2026-02-15,8.29,8.29,False,False,100
1,arima,daily,2026-02-15,2026-02-16,8.29,8.29,False,False,100
1,arima,daily,2026-02-16,2026-02-17,8.29,8.29,False,False,100
1,arima,daily,2026-02-17,2026-02-18,8.29,8.29,False,False,100
1,arima,daily,2026-02-18,2026-02-19,8.29,8.29,False,False,100
1,arima,daily,2026-02-19,2026-02-20,8.29,8.29,False,False,100
1,arima,daily,2026-02-20,2026-02-21,8.29,8.29,False,False,100
1,arima,daily,2026-02-21,2026-02-22,8.29,8.29,False,False,100
1,arima,daily,2026-02-22,2026-02-23,8.29,8.29,False,False,100
1,arima,daily,2026-02-23,2026-02-24,8.29,8.29,False,False,100
1,arima,daily,2026-02-24,2026-02-25,8.29,8.29,False,False,100
1,arima,daily,2026-02-25,2026-02-26,8.29,8.29,False,False,100
1,arima,daily,2026-02-26,2026-02-27,8.29,8.29,False,False,100
1,arima,daily,2026-02-27,2026-02-28,8.29,8.29,False,False,100
1,arima,daily,2026-02-28,2026-03-01,8.29,8.29,False,False,100
1,arima,daily,2026-03-01,2026-03-02,8.29,8.29,False,False,100
1,arima,daily,2026-03-02,2026-03-03,8.29,8.29,False,False,100
1,arima,daily,2026-03-03,2026-03-04,8.29,8.29,False,False,100
1,arima,daily,2026-03-04,2026-03-05,8.29,8.29,False,False,100
1,arima,daily,2026-03-05,2026-03-06,8.29,8.29,False,False,100
1,arima,daily,2026-03-06,2026-03-07,8.29,8.29,False,False,100
1,arima,daily,2026-03-07,2026-03-08,8.29,8.29,False,False,100
1,arima,daily,2026-03-08,2026-03-09,8.29,8.29,False,False,100
1,arima,daily,2026-03-09,2026-03-10,8.29,8.29,False,False,100
1,arima,daily,2026-03-10,2026-03-11,8.29,8.29,False,False,100
1,arima,daily,2026-03-11,2026-03-12,8.29,8.29,False,False,100
1,arima,daily,2026-03-12,2026-03-13,8.29,8.29,False,False,100
1,arima,daily,2026-03-13,2026-03-14,8.29,8.29,False,False,100
1,arima,daily,2026-03-14,2026-03-15,8.29,8.29,False,False,100
1,arima,daily,2026-03-15,2026-03-16,8.29,8.29,False,False,100
1,arima,daily,2026-03-16,2026-03-17,8.29,8.29,False,False,100
1,arima,daily,2026-03-17,2026-03-18,8.29,8.29,False,False,100
1,arima,daily,2026-03-18,2026-03-19,8.29,8.29,False,False,100
1,arima,daily,2026-03-19,2026-03-20,8.29,8.29,False,False,100
1,arima,daily,2026-03-20,2026-03-21,8.29,8.29,False,False,100
1,arima,daily,2026-03-21,2026-03-22,8.29,8.29,False,False,100
1,arima,daily,2026-03-22,2026-03-23,8.29,8.29,False,False,100
1,arima,daily,2026-03-23,2026-03-24,8.29,8.29,False,False,100
1,arima,daily,2026-03-24,2026-03-25,8.29,8.29,False,False,100
1,arima,daily,2026-03-25,2026-03-26,8.29,8.29,False,False,100
1,arima,daily,2026-03-26,2026-03-27,8.29,8.29,False,False,100
1,arima,daily,2026-03-27,2026-03-28,8.29,8.29,False,False,100
1,arima,daily,2026-03-28,2026-03-29,8.29,8.29,False,False,100
1,arima,daily,2026-03-29,2026-03-30,8.29,8.29,False,False,100
1,arima,daily,2026-03-30,2026-03-31,8.29,8.29,False,False,100
1,arima,daily,2026-03-31,2026-04-01,8.29,8.29,False,False,100
1,arima,daily,2026-04-01,2026-04-02,8.29,8.29,False,False,100
1,arima,daily,2026-04-02,2026-04-03,8.29,8.29,False,False,100
1,arima,daily,2026-04-03,2026-04-04,8.29,8.29,False,False,100
1,arima,daily,2026-04-04,2026-04-05,8.29,8.29,False,False,100
1,arima,daily,2026-04-05,2026-04-06,8.29,8.29,False,False,100
1,arima,daily,2026-04-06,2026-04-07,8.29,8.29,False,False,100
1,arima,daily,2026-04-07,2026-04-08,8.29,8.29,False,False,100
1,arima,daily,2026-04-08,2026-04-09,8.29,8.29,False,False,100
1,arima,daily,2026-04-09,2026-04-10,8.29,8.29,False,False,100
1,arima,daily,2026-04-10,2026-04-11,8.29,8.29,False,False,100
1,arima,daily,2026-04-11,2026-04-12,8.29,8.29,False,False,100
1,arima,daily,2026-04-12,2026-04-13,8.29,8.29,False,False,100
1,arima,daily,2026-04-13,2026-04-14,8.29,8.29,False,False,100
1,arima,daily,2026-04-14,2026-04-15,8.29,8.29,False,False,100
1,arima,daily,2026-04-15,2026-04-16,8.29,8.29,False,False,100
1,arima,daily,2026-04-16,2026-04-17,8.29,8.29,False,False,100
1,arima,daily,2026-04-17,2026-04-18,8.29,8.29,False,False,100
1,arima,daily,2026-04-18,2026-04-19,8.29,8.29,False,False,100
1,arima,daily,2026-04-19,2026-04-20,8.29,8.29,False,False,100
1,arima,daily,2026-04-20,2026-04-21,8.29,8.29,False,False,100
1,arima,daily,2026-04-21,2026-04-22,8.29,8.29,False,False,100
1,arima,daily,2026-04-22,2026-04-23,8.29,8.29,False,False,100
1,arima,daily,2026-04-23,2026-04-24,8.29,8.29,False,False,100
1,arima,daily,2026-04-24,2026-04-25,8.29,8.29,False,False,100
1,arima,daily,2026-04-25,2026-04-26,8.29,8.29,False,False,100
1,arima,daily,2026-04-26,2026-04-27,8.29,8.29,False,False,100
1,arima,daily,2026-04-27,2026-04-28,8.29,8.29,False,False,100
1,arima,daily,2026-04-28,2026-04-29,8.29,8.29,False,False,100
1,arima,daily,2026-04-29,2026-04-30,8.29,8.29,False,False,100
1,arima,daily,2026-04-30,2026-05-01,8.29,8.29,False,False,100
1,arima,daily,2026-05-01,2026-05-02,8.29,8.29,False,False,100
1,arima,daily,2026-05-02,2026-05-03,8.29,8.29,False,False,100
1,arima,daily,2026-05-03,2026-05-04,8.29,8.29,False,False,100
1,arima,daily,2026-05-04,2026-05-05,8.29,8.29,False,False,100
1,arima,daily,2026-05-05,2026-05-06,8.29,8.29,False,False,100
1,arima,daily,2026-05-06,2026-05-07,8.29,8.29,False,False,100
1,arima,daily,2026-05-07,2026-05-08,8.29,8.29,False,False,100
1,arima,daily,2026-05-08,2026-05-09,8.29,8.29,False,False,100
1,arima,daily,2026-05-09,2026-05-10,8.29,8.29,False,False,100
1,arima,daily,2026-05-10,2026-05-11,8.29,8.29,False,False,100
1,arima,daily,2026-05-11,2026-05-12,8.29,8.29,False,False,100
1,arima,daily,2026-05-12,2026-05-13,8.29,8.29,False,False,100
1,arima,daily,2026-05-13,2026-05-14,8.29,8.29,False,False,100
1,arima,daily,2026-05-14,2026-05-15,8.29,8.29,False,False,100
1,arima,daily,2026-05-15,2026-05-16,8.29,8.29,False,False,100
1,arima,daily,2026-05-16,2026-05-17,8.29,8.29,False,False,100
1,arima,daily,2026-05-17,2026-05-18,8.29,8.29,False,False,100
1,arima,daily,2026-05-18,2026-05-19,8.29,8.29,False,False,100
1,arima,daily,2026-05-19,2026-05-20,8.29,8.29,False,False,100
1,arima,daily,2026-05-20,2026-05-21,8.29,8.29,False,False,100
1,arima,daily,2026-05-21,2026-05-22,8.29,8.29,False,False,100
1,arima,daily,2026-05-22,2026-05-23,8.29,8.29,False,False,100
1,arima,daily,2026-05-23,2026-05-24,8.29,8.29,False,False,100
1,arima,daily,2026-05-24,2026-05-25,8.29,8.29,False,False,100
1,arima,daily,2026-05-25,2026-05-26,8.29,8.29,False,False,100
1,arima,daily,2026-05-26,2026-05-27,8.29,8.29,False,False,100
1,arima,daily,2026-05-27,2026-05-28,8.29,8.29,False,False,100
1,arima,daily,2026-05-28,2026-05-29,8.29,8.29,False,False,100
1,arima,daily,2026-05-29,2026-05-30,8.29,8.29,False,False,100
1,arima,daily,2026-05-30,2026-05-31,8.29,8.29,False,False,100
1,arima,daily,2026-05-31,2026-06-01,8.29,8.29,False,False,100
1,arima,daily,2026-06-01,2026-06-02,8.29,8.29,False,False,100
1,arima,daily,2026-06-02,2026-06-03,8.29,8.29,False,False,100
1,arima,daily,2026-06-03,2026-06-04,8.29,8.29,False,False,100
1,arima,daily,2026-06-04,2026-06-05,8.29,8.29,False,False,100
1,arima,daily,2026-06-05,2026-06-06,8.29,8.29,False,False,100
1,arima,daily,2026-06-06,2026-06-07,8.29,8.29,False,False,100
1,arima,daily,2026-06-07,2026-06-08,8.29,8.29,False,False,100
1,arima,daily,2026-06-08,2026-06-09,8.29,8.29,False,False,100
1,arima,daily,2026-06-09,2026-06-10,8.29,8.29,False,False,100
1,arima,daily,2026-06-10,2026-06-11,8.29,8.29,False,False,100
1,arima,daily,2026-06-11,2026-06-12,8.29,8.29,False,False,100
1,arima,daily,2026-06-12,2026-06-13,8.29,8.29,False,False,100
1,arima,daily,2026-06-13,2026-06-14,8.29,8.29,False,False,100
1,arima,daily,2026-06-14,2026-06-15,8.29,8.29,False,False,100
1,arima,daily,2026-06-15,2026-06-16,8.29,8.29,False,False,100
1,arima,daily,2026-06-16,2026-06-17,8.29,8.29,False,False,100
1,arima,daily,2026-06-17,2026-06-18,8.29,8.29,False,False,100
1,arima,daily,2026-06-18,2026-06-19,8.29,8.29,False,False,100
1,arima,daily,2026-06-19,2026-06-20,8.29,8.29,False,False,100
1,arima,daily,2026-06-20,2026-06-21,8.29,8.29,False,False,100
1,arima,daily,2026-06-21,2026-06-22,8.29,8.29,False,False,100
1,arima,daily,2026-06-22,2026-06-23,8.29,8.29,False,False,100
1,arima,daily,2026-06-23,2026-06-24,8.29,8.29,False,False,100
1,arima,daily,2026-06-24,2026-06-25,8.29,8.29,False,False,100
1,arima,daily,2026-06-25,2026-06-26,8.29,8.29,False,False,100
1,arima,daily,2026-06-26,2026-06-27,8.29,8.29,False,False,100
1,arima,daily,2026-06-27,2026-06-28,8.29,8.29,False,False,100
1,arima,daily,2026-06-28,2026-06-29,8.29,8.29,False,False,100
1,arima,daily,2026-06-29,2026-06-30,8.29,8.29,False,False,100
1,arima,daily,2026-06-30,2026-07-01,8.29,8.29,False,False,100
1,arima,daily,2026-07-01,2026-07-02,8.29,8.29,False,False,100
1,arima,daily,2026-07-02,2026-07-03,8.29,8.29,False,False,100
1,arima,daily,2026-07-03,2026-07-04,8.29,8.29,False,False,100
1,arima,daily,2026-07-04,2026-07-05,8.29,8.29,False,False,100
1,arima,daily,2026-07-05,2026-07-06,8.29,8.29,False,False,100
1,arima,daily,2026-07-06,2026-07-07,8.29,8.29,False,False,100
1,arima,daily,2026-07-07,2026-07-08,8.29,8.29,False,False,100
1,arima,daily,2026-07-08,2026-07-09,8.29,8.29,False,False,100
1,arima,daily,2026-07-09,2026-07-10,8.29,8.29,False,False,100
1,arima,daily,2026-07-10,2026-07-11,8.29,8.29,False,False,100
1,arima,daily,2026-07-11,2026-07-12,8.29,8.29,False,False,100
1,arima,daily,2026-07-12,2026-07-13,8.29,8.29,False,False,100
1,arima,daily,2026-07-13,2026-07-14,8.29,8.29,False,False,100
1,arima,daily,2026-07-14,2026-07-15,8.29,8.29,False,False,100
1,arima,daily,2026-07-15,2026-07-16,8.29,8.29,False,False,100
1,arima,daily,2026-07-16,2026-07-17,8.29,8.29,False,False,100
1,arima,daily,2026-07-17,2026-07-18,8.29,8.29,False,False,100
1,arima,daily,2026-07-18,2026-07-19,8.29,8.29,False,False,100
1,arima,daily,2026-07-19,2026-07-20,8.29,8.29,False,False,100
1,arima,daily,2026-07-20,2026-07-21,8.29,8.29,False,False,100
1,arima,daily,2026-07-21,2026-07-22,8.29,8.29,False,False,100
1,arima,daily,2026-07-22,2026-07-23,8.29,8.29,False,False,100
1,arima,daily,2026-07-23,2026-07-24,8.29,8.29,False,False,100
1,arima,daily,2026-07-24,2026-07-25,8.29,8.29,False,False,100
1,arima,daily,2026-07-25,2026-07-26,8.29,8.29,False,False,100
1,arima,daily,2026-07-26,2026-07-27,8.29,8.29,False,False,100
1,arima,daily,2026-07-27,2026-07-28,8.29,8.29,False,False,100
1,arima,daily,2026-07-28,2026-07-29,8.29,8.29,False,False,100
1,arima,daily,2026-07-29,2026-07-30,8.29,8.29,False,False,100
1,arima,daily,2026-07-30,2026-07-31,8.29,8.29,False,False,100
1,arima,daily,2026-07-31,2026-08-01,8.29,8.29,False,False,100
1,arima,daily,2026-08-01,2026-08-02,8.29,8.29,False,False,100
1,arima,daily,2026-08-02,2026-08-03,8.29,8.29,False,False,100
1,arima,daily,2026-08-03,2026-08-04,8.29,8.29,False,False,100
1,arima,daily,2026-08-04,2026-08-05,8.29,8.29,False,False,100
1,arima,daily,2026-08-05,2026-08-06,8.29,8.29,False,False,100
1,arima,daily,2026-08-06,2026-08-07,8.29,8.29,False,False,100
1,arima,daily,2026-08-07,2026-08-08,8.29,8.29,False,False,100
1,arima,daily,2026-08-08,2026-08-09,8.29,8.29,False,False,100
1,arima,daily,2026-08-09,2026-08-10,8.29,8.29,False,False,100
1,arima,daily,2026-08-10,2026-08-11,8.29,8.29,False,False,100
1,arima,daily,2026-08-11,2026-08-12,8.29,8.29,False,False,100
1,arima,daily,2026-08-12,2026-08-13,8.29,8.29,False,False,100
1,arima,daily,2026-08-13,2026-08-14,8.29,8.29,False,False,100
1,arima,daily,2026-08-14,2026-08-15,8.29,8.29,False,False,100
1,arima,daily,2026-08-15,2026-08-16,8.29,8.29,False,False,100
1,arima,daily,2026-08-16,2026-08-17,8.29,8.29,False,False,100
1,arima,daily,2026-08-17,2026-08-18,8.29,8.29,False,False,100
1,arima,daily,2026-08-18,2026-08-19,8.29,8.29,False,False,100
1,arima,daily,2026-08-19,2026-08-20,8.29,8.29,False,False,100
1,arima,daily,2026-08-20,2026-08-21,8.29,8.29,False,False,100
1,arima,daily,2026-08-21,2026-08-22,8.29,8.29,False,False,100
1,arima,daily,2026-08-22,2026-08-23,8.29,8.29,False,False,100
1,arima,daily,2026-08-23,2026-08-24,8.29,8.29,False,False,100
1,arima,daily,2026-08-24,2026-08-25,8.29,8.29,False,False,100
1,arima,daily,2026-08-25,2026-08-26,8.29,8.29,False,False,100
1,arima,daily,2026-08-26,2026-08-27,8.29,8.29,False,False,100
1,arima,daily,2026-08-27,2026-08-28,8.29,8.29,False,False,100
1,arima,daily,2026-08-28,2026-08-29,8.29,8.29,False,False,100
1,arima,daily,2026-08-29,2026-08-30,8.29,8.29,False,False,100
1,arima,daily,2026-08-30,2026-08-31,8.29,8.29,False,False,100
1,arima,daily,2026-08-31,2026-09-01,8.29,8.29,False,False,100
1,arima,daily,2026-09-01,2026-09-02,8.29,8.29,False,False,100
1,arima,daily,2026-09-02,2026-09-03,8.29,8.29,False,False,100
1,arima,daily,2026-09-03,2026-09-04,8.29,8.29,False,False,100
1,arima,daily,2026-09-04,2026-09-05,8.29,8.29,False,False,100
1,arima,daily,2026-09-05,2026-09-06,8.29,8.29,False,False,100
1,arima,daily,2026-09-06,2026-09-07,8.29,8.29,False,False,100
1,arima,daily,2026-09-07,2026-09-08,8.29,8.29,False,False,100
1,arima,daily,2026-09-08,2026-09-09,8.29,8.29,False,False,100
1,arima,daily,2026-09-09,2026-09-10,8.29,8.29,False,False,100
1,arima,daily,2026-09-10,2026-09-11,8.29,8.29,False,False,100
1,arima,daily,2026-09-11,2026-09-12,8.29,8.29,False,False,100
1,arima,daily,2026-09-12,2026-09-13,8.29,8.29,False,False,100
1,arima,daily,2026-09-13,2026-09-14,8.29,8.29,False,False,100
1,arima,daily,2026-09-14,2026-09-15,8.29,8.29,False,False,100
1,arima,daily,2026-09-15,2026-09-16,8.29,8.29,False,False,100
1,arima,daily,2026-09-16,2026-09-17,8.29,8.29,False,False,100
1,arima,daily,2026-09-17,2026-09-18,8.29,8.29,False,False,100
1,arima,daily,2026-09-18,2026-09-19,8.29,8.29,False,False,100
1,arima,daily,2026-09-19,2026-09-20,8.29,8.29,False,False,100
1,arima,daily,2026-09-20,2026-09-21,8.29,8.29,False,False,100
1,arima,daily,2026-09-21,2026-09-22,8.29,8.29,False,False,100
1,arima,daily,2026-09-22,2026-09-23,8.29,8.29,False,False,100
1,arima,daily,2026-09-23,2026-09-24,8.29,8.29,False,False,100
1,arima,daily,2026-09-24,2026-09-25,8.29,8.29,False,False,100
1,arima,daily,2026-09-25,2026-09-26,8.29,8.29,False,False,100
1,arima,daily,2026-09-26,2026-09-27,8.29,8.29,False,False,100
1,arima,daily,2026-09-27,2026-09-28,8.29,8.29,False,False,100
1,arima,daily,2026-09-28,2026-09-29,8.29,8.29,False,False,100
1,arima,daily,2026-09-29,2026-09-30,8.29,8.29,False,False,100
1,arima,daily,2026-09-30,2026-10-01,8.29,8.29,False,False,100
1,arima,daily,2026-10-01,2026-10-02,8.29,8.29,False,False,100
1,arima,daily,2026-10-02,2026-10-03,8.29,8.29,False,False,100
1,arima,daily,2026-10-03,2026-10-04,8.29,8.29,False,False,100
1,arima,daily,2026-10-04,2026-10-05,8.29,8.29,False,False,100
1,arima,daily,2026-10-05,2026-10-06,8.29,8.29,False,False,100
1,arima,daily,2026-10-06,2026-10-07,8.29,8.29,False,False,100
1,arima,daily,2026-10-07,2026-10-08,8.29,8.29,False,False,100
1,arima,daily,2026-10-08,2026-10-09,8.29,8.29,False,False,100
1,arima,daily,2026-10-09,2026-10-10,8.29,8.29,False,False,100
1,arima,daily,2026-10-10,2026-10-11,8.29,8.29,False,False,100
1,arima,daily,2026-10-11,2026-10-12,8.29,8.29,False,False,100
1,arima,daily,2026-10-12,2026-10-13,8.29,8.29,False,False,100
1,arima,daily,2026-10-13,2026-10-14,8.29,8.29,False,False,100
1,arima,daily,2026-10-14,2026-10-15,8.29,8.29,False,False,100
1,arima,daily,2026-10-15,2026-10-16,8.29,8.29,False,False,100
1,arima,daily,2026-10-16,2026-10-17,8.29,8.29,False,False,100
1,arima,daily,2026-10-17,2026-10-18,8.29,8.29,False,False,100
1,arima,daily,2026-10-18,2026-10-19,8.29,8.29,False,False,100
1,arima,daily,2026-10-19,2026-10-20,8.29,8.29,False,False,100
1,arima,daily,2026-10-20,2026-10-21,8.29,8.29,False,False,100
1,arima,daily,2026-10-21,2026-10-22,8.29,8.29,False,False,100
1,arima,daily,2026-10-22,2026-10-23,8.29,8.29,False,False,100
1,arima,daily,2026-10-23,2026-10-24,8.29,8.29,False,False,100
1,arima,daily,2026-10-24,2026-10-25,8.29,8.29,False,False,100
1,arima,daily,2026-10-25,2026-10-26,8.29,8.29,False,False,100
1,arima,daily,2026-10-26,2026-10-27,8.29,8.29,False,False,100
1,arima,daily,2026-10-27,2026-10-28,8.29,8.29,False,False,100
1,arima,daily,2026-10-28,2026-10-29,8.29,8.29,False,False,100
1,arima,daily,2026-10-29,2026-10-30,8.29,8.29,False,False,100
1,arima,daily,2026-10-30,2026-10-31,8.29,8.29,False,False,100
1,arima,daily,2026-10-31,2026-11-01,8.29,8.29,False,False,100
1,arima,daily,2026-11-01,2026-11-02,8.29,8.29,False,False,100
1,arima,daily,2026-11-02,2026-11-03,8.29,8.29,False,False,100
1,arima,daily,2026-11-03,2026-11-04,8.29,8.29,False,False,100
1,arima,daily,2026-11-04,2026-11-05,8.29,8.29,False,False,100
1,arima,daily,2026-11-05,2026-11-06,8.29,8.29,False,False,100
1,arima,daily,2026-11-06,2026-11-07,8.29,8.29,False,False,100
1,arima,daily,2026-11-07,2026-11-08,8.29,8.29,False,False,100
1,arima,daily,2026-11-08,2026-11-09,8.29,8.29,False,False,100
1,arima,daily,2026-11-09,2026-11-10,8.29,8.29,False,False,100
1,arima,daily,2026-11-10,2026-11-11,8.29,8.29,False,False,100
1,arima,daily,2026-11-11,2026-11-12,8.29,8.29,False,False,100
1,arima,daily,2026-11-12,2026-11-13,8.29,8.29,False,False,100
1,arima,daily,2026-11-13,2026-11-14,8.29,8.29,False,False,100
1,arima,daily,2026-11-14,2026-11-15,8.29,8.29,False,False,100
1,arima,daily,2026-11-15,2026-11-16,8.29,8.29,False,False,100
1,arima,daily,2026-11-16,2026-11-17,8.29,8.29,False,False,100
1,arima,daily,2026-11-17,2026-11-18,8.29,8.29,False,False,100
1,arima,daily,2026-11-18,2026-11-19,8.29,8.29,False,False,100
1,arima,daily,2026-11-19,2026-11-20,8.29,8.29,False,False,100
1,arima,daily,2026-11-20,2026-11-21,8.29,8.29,False,False,100
1,arima,daily,2026-11-21,2026-11-22,8.29,8.29,False,False,100
1,arima,daily,2026-11-22,2026-11-23,8.29,8.29,False,False,100
1,arima,daily,2026-11-23,2026-11-24,8.29,8.29,False,False,100
1,arima,daily,2026-11-24,2026-11-25,8.29,8.29,False,False,100
1,arima,daily,2026-11-25,2026-11-26,8.29,8.29,False,False,100
1,arima,daily,2026-11-26,2026-11-27,8.29,8.29,False,False,100
1,arima,daily,2026-11-27,2026-11-28,8.29,8.29,False,False,100
1,arima,daily,2026-11-28,2026-11-29,8.29,8.29,False,False,100
1,arima,daily,2026-11-29,2026-11-30,8.29,8.29,False,False,100
1,arima,daily,2026-11-30,2026-12-01,8.29,8.29,False,False,100
1,arima,daily,2026-12-01,2026-12-02,8.29,8.29,False,False,100
1,arima,daily,2026-12-02,2026-12-03,8.29,8.29,False,False,100
1,arima,daily,2026-12-03,2026-12-04,8.29,8.29,False,False,100
1,arima,daily,2026-12-04,2026-12-05,8.29,8.29,False,False,100
1,arima,daily,2026-12-05,2026-12-06,8.29,8.29,False,False,100
1,arima,daily,2026-12-06,2026-12-07,8.29,8.29,False,False,100
1,arima,daily,2026-12-07,2026-12-08,8.29,8.29,False,False,100
1,arima,daily,2026-12-08,2026-12-09,8.29,8.29,False,False,100
1,arima,daily,2026-12-09,2026-12-10,8.29,8.29,False,False,100
1,arima,daily,2026-12-10,2026-12-11,8.29,8.29,False,False,100
1,arima,daily,2026-12-11,2026-12-12,8.29,8.29,False,False,100
1,arima,daily,2026-12-12,2026-12-13,8.29,8.29,False,False,100
1,arima,daily,2026-12-13,2026-12-14,8.29,8.29,False,False,100
1,arima,daily,2026-12-14,2026-12-15,8.29,8.29,False,False,100
1,arima,daily,2026-12-15,2026-12-16,8.29,8.29,False,False,100
1,arima,daily,2026-12-16,2026-12-17,8.29,8.29,False,False,100
1,arima,daily,2026-12-17,2026-12-18,8.29,8.29,False,False,100
1,arima,daily,2026-12-18,2026-12-19,8.29,8.29,False,False,100
1,arima,daily,2026-12-19,2026-12-20,8.29,8.29,False,False,100
1,arima,daily,2026-12-20,2026-12-21,8.29,8.29,False,False,100
1,arima,daily,2026-12-21,2026-12-22,8.29,8.29,False,False,100
1,arima,daily,2026-12-22,2026-12-23,8.29,8.29,False,False,100
1,arima,daily,2026-12-23,2026-12-24,8.29,8.29,False,False,100
1,arima,daily,2026-12-24,2026-12-25,8.29,8.29,False,False,100
1,arima,daily,2026-12-25,2026-12-26,8.29,8.29,False,False,100
1,arima,daily,2026-12-26,2026-12-27,8.29,8.29,False,False,100
1,arima,daily,2026-12-27,2026-12-28,8.29,8.29,False,False,100
1,arima,daily,2026-12-28,2026-12-29,8.29,8.29,False,False,100
1,arima,daily,2026-12-29,2026-12-30,8.29,8.29,False,False,100
1,arima,daily,2026-12-30,2026-12-31,8.29,8.29,False,False,100
1,arima,daily,2026-12-31,2027-01-01,8.29,8.29,False,False,100
1,arima,monthly,2026-01-31,2026-02-28,0.0,0.0,False,False,100
1,arima,monthly,2026-02-28,2026-03-28,0.0,0.0,False,False,100
1,arima,monthly,2026-03-31,2026-04-30,0.0,0.0,False,False,100
1,arima,monthly,2026-04-30,2026-05-30,0.0,0.0,False,False,100
1,arima,monthly,2026-05-31,2026-06-30,0.0,0.0,False,False,100
1,arima,monthly,2026-06-30,2026-07-30,0.0,0.0,False,False,100
1,arima,monthly,2026-07-31,2026-08-31,0.0,0.0,False,False,100
1,arima,monthly,2026-08-31,2026-09-30,0.0,0.0,False,False,100
1,arima,monthly,2026-09-30,2026-10-30,0.0,0.0,False,False,100
1,arima,monthly,2026-10-31,2026-11-30,0.0,0.0,False,False,100
1,arima,monthly,2026-11-30,2026-12-30,0.0,0.0,False,False,100
1,arima,monthly,2026-12-31,2027-01-31,0.0,0.0,False,False,100
1,arima,yearly,2026-12-31,2027-12-31,0.0,0.0,False,False,100
2,arima,daily,2026-01-01,2026-01-02,10.46,10.46,False,False,120
2,arima,daily,2026-01-02,2026-01-03,10.46,10.46,False,False,120
2,arima,daily,2026-01-03,2026-01-04,10.46,10.46,False,False,120
2,arima,daily,2026-01-04,2026-01-05,10.46,10.46,False,False,120
2,arima,daily,2026-01-05,2026-01-06,10.46,10.46,False,False,120
2,arima,daily,2026-01-06,2026-01-07,10.46,10.46,False,False,120
2,arima,daily,2026-01-07,2026-01-08,10.46,10.46,False,False,120
2,arima,daily,2026-01-08,2026-01-09,10.46,10.46,False,False,120
2,arima,daily,2026-01-09,2026-01-10,10.46,10.46,False,False,120
2,arima,daily,2026-01-10,2026-01-11,10.46,10.46,False,False,120
2,arima,daily,2026-01-11,2026-01-12,10.46,10.46,False,False,120
2,arima,daily,2026-01-12,2026-01-13,10.46,10.46,False,False,120
2,arima,daily,2026-01-13,2026-01-14,10.46,10.46,False,False,120
2,arima,daily,2026-01-14,2026-01-15,10.46,10.46,False,False,120
2,arima,daily,2026-01-15,2026-01-16,10.46,10.46,False,False,120
2,arima,daily,2026-01-16,2026-01-17,10.46,10.46,False,False,120
2,arima,daily,2026-01-17,2026-01-18,10.46,10.46,False,False,120
2,arima,daily,2026-01-18,2026-01-19,10.46,10.46,False,False,120
2,arima,daily,2026-01-19,2026-01-20,10.46,10.46,False,False,120
2,arima,daily,2026-01-20,2026-01-21,10.46,10.46,False,False,120
2,arima,daily,2026-01-21,2026-01-22,10.46,10.46,False,False,120
2,arima,daily,2026-01-22,2026-01-23,10.46,10.46,False,False,120
2,arima,daily,2026-01-23,2026-01-24,10.46,10.46,False,False,120
2,arima,daily,2026-01-24,2026-01-25,10.46,10.46,False,False,120
2,arima,daily,2026-01-25,2026-01-26,10.46,10.46,False,False,120
2,arima,daily,2026-01-26,2026-01-27,10.46,10.46,False,False,120
2,arima,daily,2026-01-27,2026-01-28,10.46,10.46,False,False,120
2,arima,daily,2026-01-28,2026-01-29,10.46,10.46,False,False,120
2,arima,daily,2026-01-29,2026-01-30,10.46,10.46,False,False,120
2,arima,daily,2026-01-30,2026-01-31,10.46,10.46,False,False,120
2,arima,daily,2026-01-31,2026-02-01,10.46,10.46,False,False,120
2,arima,daily,2026-02-01,2026-02-02,10.46,10.46,False,False,120
2,arima,daily,2026-02-02,2026-02-03,10.46,10.46,False,False,120
2,arima,daily,2026-02-03,2026-02-04,10.46,10.46,False,False,120
2,arima,daily,2026-02-04,2026-02-05,10.46,10.46,False,False,120
2,arima,daily,2026-02-05,2026-02-06,10.46,10.46,False,False,120
2,arima,daily,2026-02-06,2026-02-07,10.46,10.46,False,False,120
2,arima,daily,2026-02-07,2026-02-08,10.46,10.46,False,False,120
2,arima,daily,2026-02-08,2026-02-09,10.46,10.46,False,False,120
2,arima,daily,2026-02-09,2026-02-10,10.46,10.46,False,False,120
2,arima,daily,2026-02-10,2026-02-11,10.46,10.46,False,False,120
2,arima,daily,2026-02-11,2026-02-12,10.46,10.46,False,False,120
2,arima,daily,2026-02-12,2026-02-13,10.46,10.46,False,False,120
2,arima,daily,2026-02-13,2026-02-14,10.46,10.46,False,False,120
2,arima,daily,2026-02-14,2026-02-15,10.46,10.46,False,False,120
2,arima,daily,2026-02-15,2026-02-16,10.46,10.46,False,False,120
2,arima,daily,2026-02-16,2026-02-17,10.46,10.46,False,False,120
2,arima,daily,2026-02-17,2026-02-18,10.46,10.46,False,False,120
2,arima,daily,2026-02-18,2026-02-19,10.46,10.46,False,False,120
2,arima,daily,2026-02-19,2026-02-20,10.46,10.46,False,False,120
2,arima,daily,2026-02-20,2026-02-21,10.46,10.46,False,False,120
2,arima,daily,2026-02-21,2026-02-22,10.46,10.46,False,False,120
2,arima,daily,2026-02-22,2026-02-23,10.46,10.46,False,False,120
2,arima,daily,2026-02-23,2026-02-24,10.46,10.46,False,False,120
2,arima,daily,2026-02-24,2026-02-25,10.46,10.46,False,False,120
2,arima,daily,2026-02-25,2026-02-26,10.46,10.46,False,False,120
2,arima,daily,2026-02-26,2026-02-27,10.46,10.46,False,False,120
2,arima,daily,2026-02-27,2026-02-28,10.46,10.46,False,False,120
2,arima,daily,2026-02-28,2026-03-01,10.46,10.46,False,False,120
2,arima,daily,2026-03-01,2026-03-02,10.46,10.46,False,False,120
2,arima,daily,2026-03-02,2026-03-03,10.46,10.46,False,False,120
2,arima,daily,2026-03-03,2026-03-04,10.46,10.46,False,False,120
2,arima,daily,2026-03-04,2026-03-05,10.46,10.46,False,False,120
2,arima,daily,2026-03-05,2026-03-06,10.46,10.46,False,False,120
2,arima,daily,2026-03-06,2026-03-07,10.46,10.46,False,False,120
2,arima,daily,2026-03-07,2026-03-08,10.46,10.46,False,False,120
2,arima,daily,2026-03-08,2026-03-09,10.46,10.46,False,False,120
2,arima,daily,2026-03-09,2026-03-10,10.46,10.46,False,False,120
2,arima,daily,2026-03-10,2026-03-11,10.46,10.46,False,False,120
2,arima,daily,2026-03-11,2026-03-12,10.46,10.46,False,False,120
2,arima,daily,2026-03-12,2026-03-13,10.46,10.46,False,False,120
2,arima,daily,2026-03-13,2026-03-14,10.46,10.46,False,False,120
2,arima,daily,2026-03-14,2026-03-15,10.46,10.46,False,False,120
2,arima,daily,2026-03-15,2026-03-16,10.46,10.46,False,False,120
2,arima,daily,2026-03-16,2026-03-17,10.46,10.46,False,False,120
2,arima,daily,2026-03-17,2026-03-18,10.46,10.46,False,False,120
2,arima,daily,2026-03-18,2026-03-19,10.46,10.46,False,False,120
2,arima,daily,2026-03-19,2026-03-20,10.46,10.46,False,False,120
2,arima,daily,2026-03-20,2026-03-21,10.46,10.46,False,False,120
2,arima,daily,2026-03-21,2026-03-22,10.46,10.46,False,False,120
2,arima,daily,2026-03-22,2026-03-23,10.46,10.46,False,False,120
2,arima,daily,2026-03-23,2026-03-24,10.46,10.46,False,False,120
2,arima,daily,2026-03-24,2026-03-25,10.46,10.46,False,False,120
2,arima,daily,2026-03-25,2026-03-26,10.46,10.46,False,False,120
2,arima,daily,2026-03-26,2026-03-27,10.46,10.46,False,False,120
2,arima,daily,2026-03-27,2026-03-28,10.46,10.46,False,False,120
2,arima,daily,2026-03-28,2026-03-29,10.46,10.46,False,False,120
2,arima,daily,2026-03-29,2026-03-30,10.46,10.46,False,False,120
2,arima,daily,2026-03-30,2026-03-31,10.46,10.46,False,False,120
2,arima,daily,2026-03-31,2026-04-01,10.46,10.46,False,False,120
2,arima,daily,2026-04-01,2026-04-02,10.46,10.46,False,False,120
2,arima,daily,2026-04-02,2026-04-03,10.46,10.46,False,False,120
2,arima,daily,2026-04-03,2026-04-04,10.46,10.46,False,False,120
2,arima,daily,2026-04-04,2026-04-05,10.46,10.46,False,False,120
2,arima,daily,2026-04-05,2026-04-06,10.46,10.46,False,False,120
2,arima,daily,2026-04-06,2026-04-07,10.46,10.46,False,False,120
2,arima,daily,2026-04-07,2026-04-08,10.46,10.46,False,False,120
2,arima,daily,2026-04-08,2026-04-09,10.46,10.46,False,False,120
2,arima,daily,2026-04-09,2026-04-10,10.46,10.46,False,False,120
2,arima,daily,2026-04-10,2026-04-11,10.46,10.46,False,False,120
2,arima,daily,2026-04-11,2026-04-12,10.46,10.46,False,False,120
2,arima,daily,2026-04-12,2026-04-13,10.46,10.46,False,False,120
2,arima,daily,2026-04-13,2026-04-14,10.46,10.46,False,False,120
2,arima,daily,2026-04-14,2026-04-15,10.46,10.46,False,False,120
2,arima,daily,2026-04-15,2026-04-16,10.46,10.46,False,False,120
2,arima,daily,2026-04-16,2026-04-17,10.46,10.46,False,False,120
2,arima,daily,2026-04-17,2026-04-18,10.46,10.46,False,False,120
2,arima,daily,2026-04-18,2026-04-19,10.46,10.46,False,False,120
2,arima,daily,2026-04-19,2026-04-20,10.46,10.46,False,False,120
2,arima,daily,2026-04-20,2026-04-21,10.46,10.46,False,False,120
2,arima,daily,2026-04-21,2026-04-22,10.46,10.46,False,False,120
2,arima,daily,2026-04-22,2026-04-23,10.46,10.46,False,False,120
2,arima,daily,2026-04-23,2026-04-24,10.46,10.46,False,False,120
2,arima,daily,2026-04-24,2026-04-25,10.46,10.46,False,False,120
2,arima,daily,2026-04-25,2026-04-26,10.46,10.46,False,False,120
2,arima,daily,2026-04-26,2026-04-27,10.46,10.46,False,False,120
2,arima,daily,2026-04-27,2026-04-28,10.46,10.46,False,False,120
2,arima,daily,2026-04-28,2026-04-29,10.46,10.46,False,False,120
2,arima,daily,2026-04-29,2026-04-30,10.46,10.46,False,False,120
2,arima,daily,2026-04-30,2026-05-01,10.46,10.46,False,False,120
2,arima,daily,2026-05-01,2026-05-02,10.46,10.46,False,False,120
2,arima,daily,2026-05-02,2026-05-03,10.46,10.46,False,False,120
2,arima,daily,2026-05-03,2026-05-04,10.46,10.46,False,False,120
2,arima,daily,2026-05-04,2026-05-05,10.46,10.46,False,False,120
2,arima,daily,2026-05-05,2026-05-06,10.46,10.46,False,False,120
2,arima,daily,2026-05-06,2026-05-07,10.46,10.46,False,False,120
2,arima,daily,2026-05-07,2026-05-08,10.46,10.46,False,False,120
2,arima,daily,2026-05-08,2026-05-09,10.46,10.46,False,False,120
2,arima,daily,2026-05-09,2026-05-10,10.46,10.46,False,False,120
2,arima,daily,2026-05-10,2026-05-11,10.46,10.46,False,False,120
2,arima,daily,2026-05-11,2026-05-12,10.46,10.46,False,False,120
2,arima,daily,2026-05-12,2026-05-13,10.46,10.46,False,False,120
2,arima,daily,2026-05-13,2026-05-14,10.46,10.46,False,False,120
2,arima,daily,2026-05-14,2026-05-15,10.46,10.46,False,False,120
2,arima,daily,2026-05-15,2026-05-16,10.46,10.46,False,False,120
2,arima,daily,2026-05-16,2026-05-17,10.46,10.46,False,False,120
2,arima,daily,2026-05-17,2026-05-18,10.46,10.46,False,False,120
2,arima,daily,2026-05-18,2026-05-19,10.46,10.46,False,False,120
2,arima,daily,2026-05-19,2026-05-20,10.46,10.46,False,False,120
2,arima,daily,2026-05-20,2026-05-21,10.46,10.46,False,False,120
2,arima,daily,2026-05-21,2026-05-22,10.46,10.46,False,False,120
2,arima,daily,2026-05-22,2026-05-23,10.46,10.46,False,False,120
2,arima,daily,2026-05-23,2026-05-24,10.46,10.46,False,False,120
2,arima,daily,2026-05-24,2026-05-25,10.46,10.46,False,False,120
2,arima,daily,2026-05-25,2026-05-26,10.46,10.46,False,False,120
2,arima,daily,2026-05-26,2026-05-27,10.46,10.46,False,False,120
2,arima,daily,2026-05-27,2026-05-28,10.46,10.46,False,False,120
2,arima,daily,2026-05-28,2026-05-29,10.46,10.46,False,False,120
2,arima,daily,2026-05-29,2026-05-30,10.46,10.46,False,False,120
2,arima,daily,2026-05-30,2026-05-31,10.46,10.46,False,False,120
2,arima,daily,2026-05-31,2026-06-01,10.46,10.46,False,False,120
2,arima,daily,2026-06-01,2026-06-02,10.46,10.46,False,False,120
2,arima,daily,2026-06-02,2026-06-03,10.46,10.46,False,False,120
2,arima,daily,2026-06-03,2026-06-04,10.46,10.46,False,False,120
2,arima,daily,2026-06-04,2026-06-05,10.46,10.46,False,False,120
2,arima,daily,2026-06-05,2026-06-06,10.46,10.46,False,False,120
2,arima,daily,2026-06-06,2026-06-07,10.46,10.46,False,False,120
2,arima,daily,2026-06-07,2026-06-08,10.46,10.46,False,False,120
2,arima,daily,2026-06-08,2026-06-09,10.46,10.46,False,False,120
2,arima,daily,2026-06-09,2026-06-10,10.46,10.46,False,False,120
2,arima,daily,2026-06-10,2026-06-11,10.46,10.46,False,False,120
2,arima,daily,2026-06-11,2026-06-12,10.46,10.46,False,False,120
2,arima,daily,2026-06-12,2026-06-13,10.46,10.46,False,False,120
2,arima,daily,2026-06-13,2026-06-14,10.46,10.46,False,False,120
2,arima,daily,2026-06-14,2026-06-15,10.46,10.46,False,False,120
2,arima,daily,2026-06-15,2026-06-16,10.46,10.46,False,False,120
2,arima,daily,2026-06-16,2026-06-17,10.46,10.46,False,False,120
2,arima,daily,2026-06-17,2026-06-18,10.46,10.46,False,False,120
2,arima,daily,2026-06-18,2026-06-19,10.46,10.46,False,False,120
2,arima,daily,2026-06-19,2026-06-20,10.46,10.46,False,False,120
2,arima,daily,2026-06-20,2026-06-21,10.46,10.46,False,False,120
2,arima,daily,2026-06-21,2026-06-22,10.46,10.46,False,False,120
2,arima,daily,2026-06-22,2026-06-23,10.46,10.46,False,False,120
2,arima,daily,2026-06-23,2026-06-24,10.46,10.46,False,False,120
2,arima,daily,2026-06-24,2026-06-25,10.46,10.46,False,False,120
2,arima,daily,2026-06-25,2026-06-26,10.46,10.46,False,False,120
2,arima,daily,2026-06-26,2026-06-27,10.46,10.46,False,False,120
2,arima,daily,2026-06-27,2026-06-28,10.46,10.46,False,False,120
2,arima,daily,2026-06-28,2026-06-29,10.46,10.46,False,False,120
2,arima,daily,2026-06-29,2026-06-30,10.46,10.46,False,False,120
2,arima,daily,2026-06-30,2026-07-01,10.46,10.46,False,False,120
2,arima,daily,2026-07-01,2026-07-02,10.46,10.46,False,False,120
2,arima,daily,2026-07-02,2026-07-03,10.46,10.46,False,False,120
2,arima,daily,2026-07-03,2026-07-04,10.46,10.46,False,False,120
2,arima,daily,2026-07-04,2026-07-05,10.46,10.46,False,False,120
2,arima,daily,2026-07-05,2026-07-06,10.46,10.46,False,False,120
2,arima,daily,2026-07-06,2026-07-07,10.46,10.46,False,False,120
2,arima,daily,2026-07-07,2026-07-08,10.46,10.46,False,False,120
2,arima,daily,2026-07-08,2026-07-09,10.46,10.46,False,False,120
2,arima,daily,2026-07-09,2026-07-10,10.46,10.46,False,False,120
2,arima,daily,2026-07-10,2026-07-11,10.46,10.46,False,False,120
2,arima,daily,2026-07-11,2026-07-12,10.46,10.46,False,False,120
2,arima,daily,2026-07-12,2026-07-13,10.46,10.46,False,False,120
2,arima,daily,2026-07-13,2026-07-14,10.46,10.46,False,False,120
2,arima,daily,2026-07-14,2026-07-15,10.46,10.46,False,False,120
2,arima,daily,2026-07-15,2026-07-16,10.46,10.46,False,False,120
2,arima,daily,2026-07-16,2026-07-17,10.46,10.46,False,False,120
2,arima,daily,2026-07-17,2026-07-18,10.46,10.46,False,False,120
2,arima,daily,2026-07-18,2026-07-19,10.46,10.46,False,False,120
2,arima,daily,2026-07-19,2026-07-20,10.46,10.46,False,False,120
2,arima,daily,2026-07-20,2026-07-21,10.46,10.46,False,False,120
2,arima,daily,2026-07-21,2026-07-22,10.46,10.46,False,False,120
2,arima,daily,2026-07-22,2026-07-23,10.46,10.46,False,False,120
2,arima,daily,2026-07-23,2026-07-24,10.46,10.46,False,False,120
2,arima,daily,2026-07-24,2026-07-25,10.46,10.46,False,False,120
2,arima,daily,2026-07-25,2026-07-26,10.46,10.46,False,False,120
2,arima,daily,2026-07-26,2026-07-27,10.46,10.46,False,False,120
2,arima,daily,2026-07-27,2026-07-28,10.46,10.46,False,False,120
2,arima,daily,2026-07-28,2026-07-29,10.46,10.46,False,False,120
2,arima,daily,2026-07-29,2026-07-30,10.46,10.46,False,False,120
2,arima,daily,2026-07-30,2026-07-31,10.46,10.46,False,False,120
2,arima,daily,2026-07-31,2026-08-01,10.46,10.46,False,False,120
2,arima,daily,2026-08-01,2026-08-02,10.46,10.46,False,False,120
2,arima,daily,2026-08-02,2026-08-03,10.46,10.46,False,False,120
2,arima,daily,2026-08-03,2026-08-04,10.46,10.46,False,False,120
2,arima,daily,2026-08-04,2026-08-05,10.46,10.46,False,False,120
2,arima,daily,2026-08-05,2026-08-06,10.46,10.46,False,False,120
2,arima,daily,2026-08-06,2026-08-07,10.46,10.46,False,False,120
2,arima,daily,2026-08-07,2026-08-08,10.46,10.46,False,False,120
2,arima,daily,2026-08-08,2026-08-09,10.46,10.46,False,False,120
2,arima,daily,2026-08-09,2026-08-10,10.46,10.46,False,False,120
2,arima,daily,2026-08-10,2026-08-11,10.46,10.46,False,False,120
2,arima,daily,2026-08-11,2026-08-12,10.46,10.46,False,False,120
2,arima,daily,2026-08-12,2026-08-13,10.46,10.46,False,False,120
2,arima,daily,2026-08-13,2026-08-14,10.46,10.46,False,False,120
2,arima,daily,2026-08-14,2026-08-15,10.46,10.46,False,False,120
2,arima,daily,2026-08-15,2026-08-16,10.46,10.46,False,False,120
2,arima,daily,2026-08-16,2026-08-17,10.46,10.46,False,False,120
2,arima,daily,2026-08-17,2026-08-18,10.46,10.46,False,False,120
2,arima,daily,2026-08-18,2026-08-19,10.46,10.46,False,False,120
2,arima,daily,2026-08-19,2026-08-20,10.46,10.46,False,False,120
2,arima,daily,2026-08-20,2026-08-21,10.46,10.46,False,False,120
2,arima,daily,2026-08-21,2026-08-22,10.46,10.46,False,False,120
2,arima,daily,2026-08-22,2026-08-23,10.46,10.46,False,False,120
2,arima,daily,2026-08-23,2026-08-24,10.46,10.46,False,False,120
2,arima,daily,2026-08-24,2026-08-25,10.46,10.46,False,False,120
2,arima,daily,2026-08-25,2026-08-26,10.46,10.46,False,False,120
2,arima,daily,2026-08-26,2026-08-27,10.46,10.46,False,False,120
2,arima,daily,2026-08-27,2026-08-28,10.46,10.46,False,False,120
2,arima,daily,2026-08-28,2026-08-29,10.46,10.46,False,False,120
2,arima,daily,2026-08-29,2026-08-30,10.46,10.46,False,False,120
2,arima,daily,2026-08-30,2026-08-31,10.46,10.46,False,False,120
2,arima,daily,2026-08-31,2026-09-01,10.46,10.46,False,False,120
2,arima,daily,2026-09-01,2026-09-02,10.46,10.46,False,False,120
2,arima,daily,2026-09-02,2026-09-03,10.46,10.46,False,False,120
2,arima,daily,2026-09-03,2026-09-04,10.46,10.46,False,False,120
2,arima,daily,2026-09-04,2026-09-05,10.46,10.46,False,False,120
2,arima,daily,2026-09-05,2026-09-06,10.46,10.46,False,False,120
2,arima,daily,2026-09-06,2026-09-07,10.46,10.46,False,False,120
2,arima,daily,2026-09-07,2026-09-08,10.46,10.46,False,False,120
2,arima,daily,2026-09-08,2026-09-09,10.46,10.46,False,False,120
2,arima,daily,2026-09-09,2026-09-10,10.46,10.46,False,False,120
2,arima,daily,2026-09-10,2026-09-11,10.46,10.46,False,False,120
2,arima,daily,2026-09-11,2026-09-12,10.46,10.46,False,False,120
2,arima,daily,2026-09-12,2026-09-13,10.46,10.46,False,False,120
2,arima,daily,2026-09-13,2026-09-14,10.46,10.46,False,False,120
2,arima,daily,2026-09-14,2026-09-15,10.46,10.46,False,False,120
2,arima,daily,2026-09-15,2026-09-16,10.46,10.46,False,False,120
2,arima,daily,2026-09-16,2026-09-17,10.46,10.46,False,False,120
2,arima,daily,2026-09-17,2026-09-18,10.46,10.46,False,False,120
2,arima,daily,2026-09-18,2026-09-19,10.46,10.46,False,False,120
2,arima,daily,2026-09-19,2026-09-20,10.46,10.46,False,False,120
2,arima,daily,2026-09-20,2026-09-21,10.46,10.46,False,False,120
2,arima,daily,2026-09-21,2026-09-22,10.46,10.46,False,False,120
2,arima,daily,2026-09-22,2026-09-23,10.46,10.46,False,False,120
2,arima,daily,2026-09-23,2026-09-24,10.46,10.46,False,False,120
2,arima,daily,2026-09-24,2026-09-25,10.46,10.46,False,False,120
2,arima,daily,2026-09-25,2026-09-26,10.46,10.46,False,False,120
2,arima,daily,2026-09-26,2026-09-27,10.46,10.46,False,False,120
2,arima,daily,2026-09-27,2026-09-28,10.46,10.46,False,False,120
2,arima,daily,2026-09-28,2026-09-29,10.46,10.46,False,False,120
2,arima,daily,2026-09-29,2026-09-30,10.46,10.46,False,False,120
2,arima,daily,2026-09-30,2026-10-01,10.46,10.46,False,False,120
2,arima,daily,2026-10-01,2026-10-02,10.46,10.46,False,False,120
2,arima,daily,2026-10-02,2026-10-03,10.46,10.46,False,False,120
2,arima,daily,2026-10-03,2026-10-04,10.46,10.46,False,False,120
2,arima,daily,2026-10-04,2026-10-05,10.46,10.46,False,False,120
2,arima,daily,2026-10-05,2026-10-06,10.46,10.46,False,False,120
2,arima,daily,2026-10-06,2026-10-07,10.46,10.46,False,False,120
2,arima,daily,2026-10-07,2026-10-08,10.46,10.46,False,False,120
2,arima,daily,2026-10-08,2026-10-09,10.46,10.46,False,False,120
2,arima,daily,2026-10-09,2026-10-10,10.46,10.46,False,False,120
2,arima,daily,2026-10-10,2026-10-11,10.46,10.46,False,False,120
2,arima,daily,2026-10-11,2026-10-12,10.46,10.46,False,False,120
2,arima,daily,2026-10-12,2026-10-13,10.46,10.46,False,False,120
2,arima,daily,2026-10-13,2026-10-14,10.46,10.46,False,False,120
2,arima,daily,2026-10-14,2026-10-15,10.46,10.46,False,False,120
2,arima,daily,2026-10-15,2026-10-16,10.46,10.46,False,False,120
2,arima,daily,2026-10-16,2026-10-17,10.46,10.46,False,False,120
2,arima,daily,2026-10-17,2026-10-18,10.46,10.46,False,False,120
2,arima,daily,2026-10-18,2026-10-19,10.46,10.46,False,False,120
2,arima,daily,2026-10-19,2026-10-20,10.46,10.46,False,False,120
2,arima,daily,2026-10-20,2026-10-21,10.46,10.46,False,False,120
2,arima,daily,2026-10-21,2026-10-22,10.46,10.46,False,False,120
2,arima,daily,2026-10-22,2026-10-23,10.46,10.46,False,False,120
2,arima,daily,2026-10-23,2026-10-24,10.46,10.46,False,False,120
2,arima,daily,2026-10-24,2026-10-25,10.46,10.46,False,False,120
2,arima,daily,2026-10-25,2026-10-26,10.46,10.46,False,False,120
2,arima,daily,2026-10-26,2026-10-27,10.46,10.46,False,False,120
2,arima,daily,2026-10-27,2026-10-28,10.46,10.46,False,False,120
2,arima,daily,2026-10-28,2026-10-29,10.46,10.46,False,False,120
2,arima,daily,2026-10-29,2026-10-30,10.46,10.46,False,False,120
2,arima,daily,2026-10-30,2026-10-31,10.46,10.46,False,False,120
2,arima,daily,2026-10-31,2026-11-01,10.46,10.46,False,False,120
2,arima,daily,2026-11-01,2026-11-02,10.46,10.46,False,False,120
2,arima,daily,2026-11-02,2026-11-03,10.46,10.46,False,False,120
2,arima,daily,2026-11-03,2026-11-04,10.46,10.46,False,False,120
2,arima,daily,2026-11-04,2026-11-05,10.46,10.46,False,False,120
2,arima,daily,2026-11-05,2026-11-06,10.46,10.46,False,False,120
2,arima,daily,2026-11-06,2026-11-07,10.46,10.46,False,False,120
2,arima,daily,2026-11-07,2026-11-08,10.46,10.46,False,False,120
2,arima,daily,2026-11-08,2026-11-09,10.46,10.46,False,False,120
2,arima,daily,2026-11-09,2026-11-10,10.46,10.46,False,False,120
2,arima,daily,2026-11-10,2026-11-11,10.46,10.46,False,False,120
2,arima,daily,2026-11-11,2026-11-12,10.46,10.46,False,False,120
2,arima,daily,2026-11-12,2026-11-13,10.46,10.46,False,False,120
2,arima,daily,2026-11-13,2026-11-14,10.46,10.46,False,False,120
2,arima,daily,2026-11-14,2026-11-15,10.46,10.46,False,False,120
2,arima,daily,2026-11-15,2026-11-16,10.46,10.46,False,False,120
2,arima,daily,2026-11-16,2026-11-17,10.46,10.46,False,False,120
2,arima,daily,2026-11-17,2026-11-18,10.46,10.46,False,False,120
2,arima,daily,2026-11-18,2026-11-19,10.46,10.46,False,False,120
2,arima,daily,2026-11-19,2026-11-20,10.46,10.46,False,False,120
2,arima,daily,2026-11-20,2026-11-21,10.46,10.46,False,False,120
2,arima,daily,2026-11-21,2026-11-22,10.46,10.46,False,False,120
2,arima,daily,2026-11-22,2026-11-23,10.46,10.46,False,False,120
2,arima,daily,2026-11-23,2026-11-24,10.46,10.46,False,False,120
2,arima,daily,2026-11-24,2026-11-25,10.46,10.46,False,False,120
2,arima,daily,2026-11-25,2026-11-26,10.46,10.46,False,False,120
2,arima,daily,2026-11-26,2026-11-27,10.46,10.46,False,False,120
2,arima,daily,2026-11-27,2026-11-28,10.46,10.46,False,False,120
2,arima,daily,2026-11-28,2026-11-29,10.46,10.46,False,False,120
2,arima,daily,2026-11-29,2026-11-30,10.46,10.46,False,False,120
2,arima,daily,2026-11-30,2026-12-01,10.46,10.46,False,False,120
2,arima,daily,2026-12-01,2026-12-02,10.46,10.46,False,False,120
2,arima,daily,2026-12-02,2026-12-03,10.46,10.46,False,False,120
2,arima,daily,2026-12-03,2026-12-04,10.46,10.46,False,False,120
2,arima,daily,2026-12-04,2026-12-05,10.46,10.46,False,False,120
2,arima,daily,2026-12-05,2026-12-06,10.46,10.46,False,False,120
2,arima,daily,2026-12-06,2026-12-07,10.46,10.46,False,False,120
2,arima,daily,2026-12-07,2026-12-08,10.46,10.46,False,False,120
2,arima,daily,2026-12-08,2026-12-09,10.46,10.46,False,False,120
2,arima,daily,2026-12-09,2026-12-10,10.46,10.46,False,False,120
2,arima,daily,2026-12-10,2026-12-11,10.46,10.46,False,False,120
2,arima,daily,2026-12-11,2026-12-12,10.46,10.46,False,False,120
2,arima,daily,2026-12-12,2026-12-13,10.46,10.46,False,False,120
2,arima,daily,2026-12-13,2026-12-14,10.46,10.46,False,False,120
2,arima,daily,2026-12-14,2026-12-15,10.46,10.46,False,False,120
2,arima,daily,2026-12-15,2026-12-16,10.46,10.46,False,False,120
2,arima,daily,2026-12-16,2026-12-17,10.46,10.46,False,False,120
2,arima,daily,2026-12-17,2026-12-18,10.46,10.46,False,False,120
2,arima,daily,2026-12-18,2026-12-19,10.46,10.46,False,False,120
2,arima,daily,2026-12-19,2026-12-20,10.46,10.46,False,False,120
2,arima,daily,2026-12-20,2026-12-21,10.46,10.46,False,False,120
2,arima,daily,2026-12-21,2026-12-22,10.46,10.46,False,False,120
2,arima,daily,2026-12-22,2026-12-23,10.46,10.46,False,False,120
2,arima,daily,2026-12-23,2026-12-24,10.46,10.46,False,False,120
2,arima,daily,2026-12-24,2026-12-25,10.46,10.46,False,False,120
2,arima,daily,2026-12-25,2026-12-26,10.46,10.46,False,False,120
2,arima,daily,2026-12-26,2026-12-27,10.46,10.46,False,False,120
2,arima,daily,2026-12-27,2026-12-28,10.46,10.46,False,False,120
2,arima,daily,2026-12-28,2026-12-29,10.46,10.46,False,False,120
2,arima,daily,2026-12-29,2026-12-30,10.46,10.46,False,False,120
2,arima,daily,2026-12-30,2026-12-31,10.46,10.46,False,False,120
2,arima,daily,2026-12-31,2027-01-01,10.46,10.46,False,False,120
2,arima,monthly,2026-01-31,2026-02-28,0.0,0.0,False,False,120
2,arima,monthly,2026-02-28,2026-03-28,0.0,0.0,False,False,120
2,arima,monthly,2026-03-31,2026-04-30,0.0,0.0,False,False,120
2,arima,monthly,2026-04-30,2026-05-30,0.0,0.0,False,False,120
2,arima,monthly,2026-05-31,2026-06-30,0.0,0.0,False,False,120
2,arima,monthly,2026-06-30,2026-07-30,0.0,0.0,False,False,120
2,arima,monthly,2026-07-31,2026-08-31,0.0,0.0,False,False,120
2,arima,monthly,2026-08-31,2026-09-30,0.0,0.0,False,False,120
2,arima,monthly,2026-09-30,2026-10-30,0.0,0.0,False,False,120
2,arima,monthly,2026-10-31,2026-11-30,0.0,0.0,False,False,120
2,arima,monthly,2026-11-30,2026-12-30,0.0,0.0,False,False,120
2,arima,monthly,2026-12-31,2027-01-31,0.0,0.0,False,False,120
2,arima,yearly,2026-12-31,2027-12-31,0.0,0.0,False,False,120
3,arima,daily,2026-01-01,2026-01-02,0.24,0.24,False,False,30
3,arima,daily,2026-01-02,2026-01-03,0.3,0.3,False,False,30
3,arima,daily,2026-01-03,2026-01-04,0.24,0.24,False,False,30
3,arima,daily,2026-01-04,2026-01-05,0.3,0.3,False,False,30
3,arima,daily,2026-01-05,2026-01-06,0.24,0.24,False,False,30
3,arima,daily,2026-01-06,2026-01-07,0.3,0.3,False,False,30
3,arima,daily,2026-01-07,2026-01-08,0.24,0.24,False,False,30
3,arima,daily,2026-01-08,2026-01-09,0.3,0.3,False,False,30
3,arima,daily,2026-01-09,2026-01-10,0.24,0.24,False,False,30
3,arima,daily,2026-01-10,2026-01-11,0.3,0.3,False,False,30
3,arima,daily,2026-01-11,2026-01-12,0.24,0.24,False,False,30
3,arima,daily,2026-01-12,2026-01-13,0.3,0.3,False,False,30
3,arima,daily,2026-01-13,2026-01-14,0.24,0.24,False,False,30
3,arima,daily,2026-01-14,2026-01-15,0.3,0.3,False,False,30
3,arima,daily,2026-01-15,2026-01-16,0.24,0.24,False,False,30
3,arima,daily,2026-01-16,2026-01-17,0.3,0.3,False,False,30
3,arima,daily,2026-01-17,2026-01-18,0.24,0.24,False,False,30
3,arima,daily,2026-01-18,2026-01-19,0.3,0.3,False,False,30
3,arima,daily,2026-01-19,2026-01-20,0.24,0.24,False,False,30
3,arima,daily,2026-01-20,2026-01-21,0.3,0.3,False,False,30
3,arima,daily,2026-01-21,2026-01-22,0.24,0.24,False,False,30
3,arima,daily,2026-01-22,2026-01-23,0.3,0.3,False,False,30
3,arima,daily,2026-01-23,2026-01-24,0.24,0.24,False,False,30
3,arima,daily,2026-01-24,2026-01-25,0.3,0.3,False,False,30
3,arima,daily,2026-01-25,2026-01-26,0.24,0.24,False,False,30
3,arima,daily,2026-01-26,2026-01-27,0.3,0.3,False,False,30
3,arima,daily,2026-01-27,2026-01-28,0.24,0.24,False,False,30
3,arima,daily,2026-01-28,2026-01-29,0.3,0.3,False,False,30
3,arima,daily,2026-01-29,2026-01-30,0.24,0.24,False,False,30
3,arima,daily,2026-01-30,2026-01-31,0.3,0.3,False,False,30
3,arima,daily,2026-01-31,2026-02-01,0.24,0.24,False,False,30
3,arima,daily,2026-02-01,2026-02-02,0.3,0.3,False,False,30
3,arima,daily,2026-02-02,2026-02-03,0.24,0.24,False,False,30
3,arima,daily,2026-02-03,2026-02-04,0.3,0.3,False,False,30
3,arima,daily,2026-02-04,2026-02-05,0.24,0.24,False,False,30
3,arima,daily,2026-02-05,2026-02-06,0.3,0.3,False,False,30
3,arima,daily,2026-02-06,2026-02-07,0.24,0.24,False,False,30
3,arima,daily,2026-02-07,2026-02-08,0.3,0.3,False,False,30
3,arima,daily,2026-02-08,2026-02-09,0.24,0.24,False,False,30
3,arima,daily,2026-02-09,2026-02-10,0.3,0.3,False,False,30
3,arima,daily,2026-02-10,2026-02-11,0.24,0.24,False,False,30
3,arima,daily,2026-02-11,2026-02-12,0.3,0.3,False,False,30
3,arima,daily,2026-02-12,2026-02-13,0.24,0.24,False,False,30
3,arima,daily,2026-02-13,2026-02-14,0.3,0.3,False,False,30
3,arima,daily,2026-02-14,2026-02-15,0.24,0.24,False,False,30
3,arima,daily,2026-02-15,2026-02-16,0.3,0.3,False,False,30
3,arima,daily,2026-02-16,2026-02-17,0.24,0.24,False,False,30
3,arima,daily,2026-02-17,2026-02-18,0.3,0.3,False,False,30
3,arima,daily,2026-02-18,2026-02-19,0.24,0.24,False,False,30
3,arima,daily,2026-02-19,2026-02-20,0.3,0.3,False,False,30
3,arima,daily,2026-02-20,2026-02-21,0.24,0.24,False,False,30
3,arima,daily,2026-02-21,2026-02-22,0.3,0.3,False,False,30
3,arima,daily,2026-02-22,2026-02-23,0.24,0.24,False,False,30
3,arima,daily,2026-02-23,2026-02-24,0.3,0.3,False,False,30
3,arima,daily,2026-02-24,2026-02-25,0.24,0.24,False,False,30
3,arima,daily,2026-02-25,2026-02-26,0.3,0.3,False,False,30
3,arima,daily,2026-02-26,2026-02-27,0.24,0.24,False,False,30
3,arima,daily,2026-02-27,2026-02-28,0.3,0.3,False,False,30
3,arima,daily,2026-02-28,2026-03-01,0.24,0.24,False,False,30
3,arima,daily,2026-03-01,2026-03-02,0.3,0.3,False,False,30
3,arima,daily,2026-03-02,2026-03-03,0.24,0.24,False,False,30
3,arima,daily,2026-03-03,2026-03-04,0.3,0.3,False,False,30
3,arima,daily,2026-03-04,2026-03-05,0.24,0.24,False,False,30
3,arima,daily,2026-03-05,2026-03-06,0.3,0.3,False,False,30
3,arima,daily,2026-03-06,2026-03-07,0.24,0.24,False,False,30
3,arima,daily,2026-03-07,2026-03-08,0.3,0.3,False,False,30
3,arima,daily,2026-03-08,2026-03-09,0.24,0.24,False,False,30
3,arima,daily,2026-03-09,2026-03-10,0.3,0.3,False,False,30
3,arima,daily,2026-03-10,2026-03-11,0.24,0.24,False,False,30
3,arima,daily,2026-03-11,2026-03-12,0.3,0.3,False,False,30
3,arima,daily,2026-03-12,2026-03-13,0.24,0.24,False,False,30
3,arima,daily,2026-03-13,2026-03-14,0.3,0.3,False,False,30
3,arima,daily,2026-03-14,2026-03-15,0.25,0.25,False,False,30
3,arima,daily,2026-03-15,2026-03-16,0.3,0.3,False,False,30
3,arima,daily,2026-03-16,2026-03-17,0.25,0.25,False,False,30
3,arima,daily,2026-03-17,2026-03-18,0.3,0.3,False,False,30
3,arima,daily,2026-03-18,2026-03-19,0.25,0.25,False,False,30
3,arima,daily,2026-03-19,2026-03-20,0.3,0.3,False,False,30
3,arima,daily,2026-03-20,2026-03-21,0.25,0.25,False,False,30
3,arima,daily,2026-03-21,2026-03-22,0.3,0.3,False,False,30
3,arima,daily,2026-03-22,2026-03-23,0.25,0.25,False,False,30
3,arima,daily,2026-03-23,2026-03-24,0.3,0.3,False,False,30
3,arima,daily,2026-03-24,2026-03-25,0.25,0.25,False,False,30
3,arima,daily,2026-03-25,2026-03-26,0.3,0.3,False,False,30
3,arima,daily,2026-03-26,2026-03-27,0.25,0.25,False,False,30
3,arima,daily,2026-03-27,2026-03-28,0.3,0.3,False,False,30
3,arima,daily,2026-03-28,2026-03-29,0.25,0.25,False,False,30
3,arima,daily,2026-03-29,2026-03-30,0.3,0.3,False,False,30
3,arima,daily,2026-03-30,2026-03-31,0.25,0.25,False,False,30
3,arima,daily,2026-03-31,2026-04-01,0.3,0.3,False,False,30
3,arima,daily,2026-04-01,2026-04-02,0.25,0.25,False,False,30
3,arima,daily,2026-04-02,2026-04-03,0.3,0.3,False,False,30
3,arima,daily,2026-04-03,2026-04-04,0.25,0.25,False,False,30
3,arima,daily,2026-04-04,2026-04-05,0.3,0.3,False,False,30
3,arima,daily,2026-04-05,2026-04-06,0.25,0.25,False,False,30
3,arima,daily,2026-04-06,2026-04-07,0.3,0.3,False,False,30
3,arima,daily,2026-04-07,2026-04-08,0.25,0.25,False,False,30
3,arima,daily,2026-04-08,2026-04-09,0.3,0.3,False,False,30
3,arima,daily,2026-04-09,2026-04-10,0.25,0.25,False,False,30
3,arima,daily,2026-04-10,2026-04-11,0.3,0.3,False,False,30
3,arima,daily,2026-04-11,2026-04-12,0.25,0.25,False,False,30
3,arima,daily,2026-04-12,2026-04-13,0.3,0.3,False,False,30
3,arima,daily,2026-04-13,2026-04-14,0.25,0.25,False,False,30
3,arima,daily,2026-04-14,2026-04-15,0.3,0.3,False,False,30
3,arima,daily,2026-04-15,2026-04-16,0.25,0.25,False,False,30
3,arima,daily,2026-04-16,2026-04-17,0.3,0.3,False,False,30
3,arima,daily,2026-04-17,2026-04-18,0.25,0.25,False,False,30
3,arima,daily,2026-04-18,2026-04-19,0.3,0.3,False,False,30
3,arima,daily,2026-04-19,2026-04-20,0.25,0.25,False,False,30
3,arima,daily,2026-04-20,2026-04-21,0.3,0.3,False,False,30
3,arima,daily,2026-04-21,2026-04-22,0.25,0.25,False,False,30
3,arima,daily,2026-04-22,2026-04-23,0.3,0.3,False,False,30
3,arima,daily,2026-04-23,2026-04-24,0.25,0.25,False,False,30
3,arima,daily,2026-04-24,2026-04-25,0.3,0.3,False,False,30
3,arima,daily,2026-04-25,2026-04-26,0.25,0.25,False,False,30
3,arima,daily,2026-04-26,2026-04-27,0.3,0.3,False,False,30
3,arima,daily,2026-04-27,2026-04-28,0.25,0.25,False,False,30
3,arima,daily,2026-04-28,2026-04-29,0.3,0.3,False,False,30
3,arima,daily,2026-04-29,2026-04-30,0.25,0.25,False,False,30
3,arima,daily,2026-04-30,2026-05-01,0.3,0.3,False,False,30
3,arima,daily,2026-05-01,2026-05-02,0.25,0.25,False,False,30
3,arima,daily,2026-05-02,2026-05-03,0.3,0.3,False,False,30
3,arima,daily,2026-05-03,2026-05-04,0.25,0.25,False,False,30
3,arima,daily,2026-05-04,2026-05-05,0.3,0.3,False,False,30
3,arima,daily,2026-05-05,2026-05-06,0.25,0.25,False,False,30
3,arima,daily,2026-05-06,2026-05-07,0.3,0.3,False,False,30
3,arima,daily,2026-05-07,2026-05-08,0.25,0.25,False,False,30
3,arima,daily,2026-05-08,2026-05-09,0.3,0.3,False,False,30
3,arima,daily,2026-05-09,2026-05-10,0.25,0.25,False,False,30
3,arima,daily,2026-05-10,2026-05-11,0.3,0.3,False,False,30
3,arima,daily,2026-05-11,2026-05-12,0.25,0.25,False,False,30
3,arima,daily,2026-05-12,2026-05-13,0.3,0.3,False,False,30
3,arima,daily,2026-05-13,2026-05-14,0.25,0.25,False,False,30
3,arima,daily,2026-05-14,2026-05-15,0.3,0.3,False,False,30
3,arima,daily,2026-05-15,2026-05-16,0.25,0.25,False,False,30
3,arima,daily,2026-05-16,2026-05-17,0.3,0.3,False,False,30
3,arima,daily,2026-05-17,2026-05-18,0.25,0.25,False,False,30
3,arima,daily,2026-05-18,2026-05-19,0.3,0.3,False,False,30
3,arima,daily,2026-05-19,2026-05-20,0.25,0.25,False,False,30
3,arima,daily,2026-05-20,2026-05-21,0.3,0.3,False,False,30
3,arima,daily,2026-05-21,2026-05-22,0.25,0.25,False,False,30
3,arima,daily,2026-05-22,2026-05-23,0.3,0.3,False,False,30
3,arima,daily,2026-05-23,2026-05-24,0.25,0.25,False,False,30
3,arima,daily,2026-05-24,2026-05-25,0.3,0.3,False,False,30
3,arima,daily,2026-05-25,2026-05-26,0.25,0.25,False,False,30
3,arima,daily,2026-05-26,2026-05-27,0.3,0.3,False,False,30
3,arima,daily,2026-05-27,2026-05-28,0.25,0.25,False,False,30
3,arima,daily,2026-05-28,2026-05-29,0.3,0.3,False,False,30
3,arima,daily,2026-05-29,2026-05-30,0.25,0.25,False,False,30
3,arima,daily,2026-05-30,2026-05-31,0.3,0.3,False,False,30
3,arima,daily,2026-05-31,2026-06-01,0.25,0.25,False,False,30
3,arima,daily,2026-06-01,2026-06-02,0.3,0.3,False,False,30
3,arima,daily,2026-06-02,2026-06-03,0.25,0.25,False,False,30
3,arima,daily,2026-06-03,2026-06-04,0.3,0.3,False,False,30
3,arima,daily,2026-06-04,2026-06-05,0.25,0.25,False,False,30
3,arima,daily,2026-06-05,2026-06-06,0.3,0.3,False,False,30
3,arima,daily,2026-06-06,2026-06-07,0.25,0.25,False,False,30
3,arima,daily,2026-06-07,2026-06-08,0.3,0.3,False,False,30
3,arima,daily,2026-06-08,2026-06-09,0.25,0.25,False,False,30
3,arima,daily,2026-06-09,2026-06-10,0.3,0.3,False,False,30
3,arima,daily,2026-06-10,2026-06-11,0.25,0.25,False,False,30
3,arima,daily,2026-06-11,2026-06-12,0.3,0.3,False,False,30
3,arima,daily,2026-06-12,2026-06-13,0.25,0.25,False,False,30
3,arima,daily,2026-06-13,2026-06-14,0.3,0.3,False,False,30
3,arima,daily,2026-06-14,2026-06-15,0.25,0.25,False,False,30
3,arima,daily,2026-06-15,2026-06-16,0.3,0.3,False,False,30
3,arima,daily,2026-06-16,2026-06-17,0.25,0.25,False,False,30
3,arima,daily,2026-06-17,2026-06-18,0.3,0.3,False,False,30
3,arima,daily,2026-06-18,2026-06-19,0.25,0.25,False,False,30
3,arima,daily,2026-06-19,2026-06-20,0.3,0.3,False,False,30
3,arima,daily,2026-06-20,2026-06-21,0.25,0.25,False,False,30
3,arima,daily,2026-06-21,2026-06-22,0.3,0.3,False,False,30
3,arima,daily,2026-06-22,2026-06-23,0.25,0.25,False,False,30
3,arima,daily,2026-06-23,2026-06-24,0.3,0.3,False,False,30
3,arima,daily,2026-06-24,2026-06-25,0.25,0.25,False,False,30
3,arima,daily,2026-06-25,2026-06-26,0.3,0.3,False,False,30
3,arima,daily,2026-06-26,2026-06-27,0.25,0.25,False,False,30
3,arima,daily,2026-06-27,2026-06-28,0.3,0.3,False,False,30
3,arima,daily,2026-06-28,2026-06-29,0.25,0.25,False,False,30
3,arima,daily,2026-06-29,2026-06-30,0.3,0.3,False,False,30
3,arima,daily,2026-06-30,2026-07-01,0.25,0.25,False,False,30
3,arima,daily,2026-07-01,2026-07-02,0.3,0.3,False,False,30
3,arima,daily,2026-07-02,2026-07-03,0.25,0.25,False,False,30
3,arima,daily,2026-07-03,2026-07-04,0.3,0.3,False,False,30
3,arima,daily,2026-07-04,2026-07-05,0.25,0.25,False,False,30
3,arima,daily,2026-07-05,2026-07-06,0.3,0.3,False,False,30
3,arima,daily,2026-07-06,2026-07-07,0.25,0.25,False,False,30
3,arima,daily,2026-07-07,2026-07-08,0.3,0.3,False,False,30
3,arima,daily,2026-07-08,2026-07-09,0.25,0.25,False,False,30
3,arima,daily,2026-07-09,2026-07-10,0.3,0.3,False,False,30
3,arima,daily,2026-07-10,2026-07-11,0.25,0.25,False,False,30
3,arima,daily,2026-07-11,2026-07-12,0.3,0.3,False,False,30
3,arima,daily,2026-07-12,2026-07-13,0.25,0.25,False,False,30
3,arima,daily,2026-07-13,2026-07-14,0.3,0.3,False,False,30
3,arima,daily,2026-07-14,2026-07-15,0.25,0.25,False,False,30
3,arima,daily,2026-07-15,2026-07-16,0.3,0.3,False,False,30
3,arima,daily,2026-07-16,2026-07-17,0.25,0.25,False,False,30
3,arima,daily,2026-07-17,2026-07-18,0.3,0.3,False,False,30
3,arima,daily,2026-07-18,2026-07-19,0.25,0.25,False,False,30
3,arima,daily,2026-07-19,2026-07-20,0.3,0.3,False,False,30
3,arima,daily,2026-07-20,2026-07-21,0.25,0.25,False,False,30
3,arima,daily,2026-07-21,2026-07-22,0.29,0.29,False,False,30
3,arima,daily,2026-07-22,2026-07-23,0.25,0.25,False,False,30
3,arima,daily,2026-07-23,2026-07-24,0.29,0.29,False,False,30
3,arima,daily,2026-07-24,2026-07-25,0.25,0.25,False,False,30
3,arima,daily,2026-07-25,2026-07-26,0.29,0.29,False,False,30
3,arima,daily,2026-07-26,2026-07-27,0.25,0.25,False,False,30
3,arima,daily,2026-07-27,2026-07-28,0.29,0.29,False,False,30
3,arima,daily,2026-07-28,2026-07-29,0.25,0.25,False,False,30
3,arima,daily,2026-07-29,2026-07-30,0.29,0.29,False,False,30
3,arima,daily,2026-07-30,2026-07-31,0.25,0.25,False,False,30
3,arima,daily,2026-07-31,2026-08-01,0.29,0.29,False,False,30
3,arima,daily,2026-08-01,2026-08-02,0.25,0.25,False,False,30
3,arima,daily,2026-08-02,2026-08-03,0.29,0.29,False,False,30
3,arima,daily,2026-08-03,2026-08-04,0.25,0.25,False,False,30
3,arima,daily,2026-08-04,2026-08-05,0.29,0.29,False,False,30
3,arima,daily,2026-08-05,2026-08-06,0.25,0.25,False,False,30
3,arima,daily,2026-08-06,2026-08-07,0.29,0.29,False,False,30
3,arima,daily,2026-08-07,2026-08-08,0.25,0.25,False,False,30
3,arima,daily,2026-08-08,2026-08-09,0.29,0.29,False,False,30
3,arima,daily,2026-08-09,2026-08-10,0.25,0.25,False,False,30
3,arima,daily,2026-08-10,2026-08-11,0.29,0.29,False,False,30
3,arima,daily,2026-08-11,2026-08-12,0.25,0.25,False,False,30
3,arima,daily,2026-08-12,2026-08-13,0.29,0.29,False,False,30
3,arima,daily,2026-08-13,2026-08-14,0.25,0.25,False,False,30
3,arima,daily,2026-08-14,2026-08-15,0.29,0.29,False,False,30
3,arima,daily,2026-08-15,2026-08-16,0.25,0.25,False,False,30
3,arima,daily,2026-08-16,2026-08-17,0.29,0.29,False,False,30
3,arima,daily,2026-08-17,2026-08-18,0.25,0.25,False,False,30
3,arima,daily,2026-08-18,2026-08-19,0.29,0.29,False,False,30
3,arima,daily,2026-08-19,2026-08-20,0.25,0.25,False,False,30
3,arima,daily,2026-08-20,2026-08-21,0.29,0.29,False,False,30
3,arima,daily,2026-08-21,2026-08-22,0.25,0.25,False,False,30
3,arima,daily,2026-08-22,2026-08-23,0.29,0.29,False,False,30
3,arima,daily,2026-08-23,2026-08-24,0.25,0.25,False,False,30
3,arima,daily,2026-08-24,2026-08-25,0.29,0.29,False,False,30
3,arima,daily,2026-08-25,2026-08-26,0.25,0.25,False,False,30
3,arima,daily,2026-08-26,2026-08-27,0.29,0.29,False,False,30
3,arima,daily,2026-08-27,2026-08-28,0.25,0.25,False,False,30
3,arima,daily,2026-08-28,2026-08-29,0.29,0.29,False,False,30
3,arima,daily,2026-08-29,2026-08-30,0.25,0.25,False,False,30
3,arima,daily,2026-08-30,2026-08-31,0.29,0.29,False,False,30
3,arima,daily,2026-08-31,2026-09-01,0.25,0.25,False,False,30
3,arima,daily,2026-09-01,2026-09-02,0.29,0.29,False,False,30
3,arima,daily,2026-09-02,2026-09-03,0.25,0.25,False,False,30
3,arima,daily,2026-09-03,2026-09-04,0.29,0.29,False,False,30
3,arima,daily,2026-09-04,2026-09-05,0.25,0.25,False,False,30
3,arima,daily,2026-09-05,2026-09-06,0.29,0.29,False,False,30
3,arima,daily,2026-09-06,2026-09-07,0.25,0.25,False,False,30
3,arima,daily,2026-09-07,2026-09-08,0.29,0.29,False,False,30
3,arima,daily,2026-09-08,2026-09-09,0.25,0.25,False,False,30
3,arima,daily,2026-09-09,2026-09-10,0.29,0.29,False,False,30
3,arima,daily,2026-09-10,2026-09-11,0.25,0.25,False,False,30
3,arima,daily,2026-09-11,2026-09-12,0.29,0.29,False,False,30
3,arima,daily,2026-09-12,2026-09-13,0.25,0.25,False,False,30
3,arima,daily,2026-09-13,2026-09-14,0.29,0.29,False,False,30
3,arima,daily,2026-09-14,2026-09-15,0.25,0.25,False,False,30
3,arima,daily,2026-09-15,2026-09-16,0.29,0.29,False,False,30
3,arima,daily,2026-09-16,2026-09-17,0.25,0.25,False,False,30
3,arima,daily,2026-09-17,2026-09-18,0.29,0.29,False,False,30
3,arima,daily,2026-09-18,2026-09-19,0.25,0.25,False,False,30
3,arima,daily,2026-09-19,2026-09-20,0.29,0.29,False,False,30
3,arima,daily,2026-09-20,2026-09-21,0.25,0.25,False,False,30
3,arima,daily,2026-09-21,2026-09-22,0.29,0.29,False,False,30
3,arima,daily,2026-09-22,2026-09-23,0.25,0.25,False,False,30
3,arima,daily,2026-09-23,2026-09-24,0.29,0.29,False,False,30
3,arima,daily,2026-09-24,2026-09-25,0.25,0.25,False,False,30
3,arima,daily,2026-09-25,2026-09-26,0.29,0.29,False,False,30
3,arima,daily,2026-09-26,2026-09-27,0.25,0.25,False,False,30
3,arima,daily,2026-09-27,2026-09-28,0.29,0.29,False,False,30
3,arima,daily,2026-09-28,2026-09-29,0.25,0.25,False,False,30
3,arima,daily,2026-09-29,2026-09-30,0.29,0.29,False,False,30
3,arima,daily,2026-09-30,2026-10-01,0.25,0.25,False,False,30
3,arima,daily,2026-10-01,2026-10-02,0.29,0.29,False,False,30
3,arima,daily,2026-10-02,2026-10-03,0.25,0.25,False,False,30
3,arima,daily,2026-10-03,2026-10-04,0.29,0.29,False,False,30
3,arima,daily,2026-10-04,2026-10-05,0.25,0.25,False,False,30
3,arima,daily,2026-10-05,2026-10-06,0.29,0.29,False,False,30
3,arima,daily,2026-10-06,2026-10-07,0.25,0.25,False,False,30
3,arima,daily,2026-10-07,2026-10-08,0.29,0.29,False,False,30
3,arima,daily,2026-10-08,2026-10-09,0.25,0.25,False,False,30
3,arima,daily,2026-10-09,2026-10-10,0.29,0.29,False,False,30
3,arima,daily,2026-10-10,2026-10-11,0.25,0.25,False,False,30
3,arima,daily,2026-10-11,2026-10-12,0.29,0.29,False,False,30
3,arima,daily,2026-10-12,2026-10-13,0.25,0.25,False,False,30
3,arima,daily,2026-10-13,2026-10-14,0.29,0.29,False,False,30
3,arima,daily,2026-10-14,2026-10-15,0.25,0.25,False,False,30
3,arima,daily,2026-10-15,2026-10-16,0.29,0.29,False,False,30
3,arima,daily,2026-10-16,2026-10-17,0.25,0.25,False,False,30
3,arima,daily,2026-10-17,2026-10-18,0.29,0.29,False,False,30
3,arima,daily,2026-10-18,2026-10-19,0.25,0.25,False,False,30
3,arima,daily,2026-10-19,2026-10-20,0.29,0.29,False,False,30
3,arima,daily,2026-10-20,2026-10-21,0.25,0.25,False,False,30
3,arima,daily,2026-10-21,2026-10-22,0.29,0.29,False,False,30
3,arima,daily,2026-10-22,2026-10-23,0.25,0.25,False,False,30
3,arima,daily,2026-10-23,2026-10-24,0.29,0.29,False,False,30
3,arima,daily,2026-10-24,2026-10-25,0.25,0.25,False,False,30
3,arima,daily,2026-10-25,2026-10-26,0.29,0.29,False,False,30
3,arima,daily,2026-10-26,2026-10-27,0.25,0.25,False,False,30
3,arima,daily,2026-10-27,2026-10-28,0.29,0.29,False,False,30
3,arima,daily,2026-10-28,2026-10-29,0.25,0.25,False,False,30
3,arima,daily,2026-10-29,2026-10-30,0.29,0.29,False,False,30
3,arima,daily,2026-10-30,2026-10-31,0.25,0.25,False,False,30
3,arima,daily,2026-10-31,2026-11-01,0.29,0.29,False,False,30
3,arima,daily,2026-11-01,2026-11-02,0.25,0.25,False,False,30
3,arima,daily,2026-11-02,2026-11-03,0.29,0.29,False,False,30
3,arima,daily,2026-11-03,2026-11-04,0.25,0.25,False,False,30
3,arima,daily,2026-11-04,2026-11-05,0.29,0.29,False,False,30
3,arima,daily,2026-11-05,2026-11-06,0.25,0.25,False,False,30
3,arima,daily,2026-11-06,2026-11-07,0.29,0.29,False,False,30
3,arima,daily,2026-11-07,2026-11-08,0.25,0.25,False,False,30
3,arima,daily,2026-11-08,2026-11-09,0.29,0.29,False,False,30
3,arima,daily,2026-11-09,2026-11-10,0.25,0.25,False,False,30
3,arima,daily,2026-11-10,2026-11-11,0.29,0.29,False,False,30
3,arima,daily,2026-11-11,2026-11-12,0.25,0.25,False,False,30
3,arima,daily,2026-11-12,2026-11-13,0.29,0.29,False,False,30
3,arima,daily,2026-11-13,2026-11-14,0.25,0.25,False,False,30
3,arima,daily,2026-11-14,2026-11-15,0.29,0.29,False,False,30
3,arima,daily,2026-11-15,2026-11-16,0.25,0.25,False,False,30
3,arima,daily,2026-11-16,2026-11-17,0.29,0.29,False,False,30
3,arima,daily,2026-11-17,2026-11-18,0.25,0.25,False,False,30
3,arima,daily,2026-11-18,2026-11-19,0.29,0.29,False,False,30
3,arima,daily,2026-11-19,2026-11-20,0.25,0.25,False,False,30
3,arima,daily,2026-11-20,2026-11-21,0.29,0.29,False,False,30
3,arima,daily,2026-11-21,2026-11-22,0.25,0.25,False,False,30
3,arima,daily,2026-11-22,2026-11-23,0.29,0.29,False,False,30
3,arima,daily,2026-11-23,2026-11-24,0.25,0.25,False,False,30
3,arima,daily,2026-11-24,2026-11-25,0.29,0.29,False,False,30
3,arima,daily,2026-11-25,2026-11-26,0.25,0.25,False,False,30
3,arima,daily,2026-11-26,2026-11-27,0.29,0.29,False,False,30
3,arima,daily,2026-11-27,2026-11-28,0.25,0.25,False,False,30
3,arima,daily,2026-11-28,2026-11-29,0.29,0.29,False,False,30
3,arima,daily,2026-11-29,2026-11-30,0.25,0.25,False,False,30
3,arima,daily,2026-11-30,2026-12-01,0.29,0.29,False,False,30
3,arima,daily,2026-12-01,2026-12-02,0.25,0.25,False,False,30
3,arima,daily,2026-12-02,2026-12-03,0.29,0.29,False,False,30
3,arima,daily,2026-12-03,2026-12-04,0.25,0.25,False,False,30
3,arima,daily,2026-12-04,2026-12-05,0.29,0.29,False,False,30
3,arima,daily,2026-12-05,2026-12-06,0.25,0.25,False,False,30
3,arima,daily,2026-12-06,2026-12-07,0.29,0.29,False,False,30
3,arima,daily,2026-12-07,2026-12-08,0.25,0.25,False,False,30
3,arima,daily,2026-12-08,2026-12-09,0.29,0.29,False,False,30
3,arima,daily,2026-12-09,2026-12-10,0.25,0.25,False,False,30
3,arima,daily,2026-12-10,2026-12-11,0.29,0.29,False,False,30
3,arima,daily,2026-12-11,2026-12-12,0.25,0.25,False,False,30
3,arima,daily,2026-12-12,2026-12-13,0.29,0.29,False,False,30
3,arima,daily,2026-12-13,2026-12-14,0.25,0.25,False,False,30
3,arima,daily,2026-12-14,2026-12-15,0.29,0.29,False,False,30
3,arima,daily,2026-12-15,2026-12-16,0.25,0.25,False,False,30
3,arima,daily,2026-12-16,2026-12-17,0.29,0.29,False,False,30
3,arima,daily,2026-12-17,2026-12-18,0.25,0.25,False,False,30
3,arima,daily,2026-12-18,2026-12-19,0.29,0.29,False,False,30
3,arima,daily,2026-12-19,2026-12-20,0.25,0.25,False,False,30
3,arima,daily,2026-12-20,2026-12-21,0.29,0.29,False,False,30
3,arima,daily,2026-12-21,2026-12-22,0.25,0.25,False,False,30
3,arima,daily,2026-12-22,2026-12-23,0.29,0.29,False,False,30
3,arima,daily,2026-12-23,2026-12-24,0.25,0.25,False,False,30
3,arima,daily,2026-12-24,2026-12-25,0.29,0.29,False,False,30
3,arima,daily,2026-12-25,2026-12-26,0.25,0.25,False,False,30
3,arima,daily,2026-12-26,2026-12-27,0.29,0.29,False,False,30
3,arima,daily,2026-12-27,2026-12-28,0.25,0.25,False,False,30
3,arima,daily,2026-12-28,2026-12-29,0.29,0.29,False,False,30
3,arima,daily,2026-12-29,2026-12-30,0.25,0.25,False,False,30
3,arima,daily,2026-12-30,2026-12-31,0.29,0.29,False,False,30
3,arima,daily,2026-12-31,2027-01-01,0.25,0.25,False,False,30
3,arima,monthly,2026-01-31,2026-02-28,0.0,0.0,False,False,30
3,arima,monthly,2026-02-28,2026-03-28,0.0,0.0,False,False,30
3,arima,monthly,2026-03-31,2026-04-30,0.0,0.0,False,False,30
3,arima,monthly,2026-04-30,2026-05-30,0.0,0.0,False,False,30
3,arima,monthly,2026-05-31,2026-06-30,0.0,0.0,False,False,30
3,arima,monthly,2026-06-30,2026-07-30,0.0,0.0,False,False,30
3,arima,monthly,2026-07-31,2026-08-31,0.0,0.0,False,False,30
3,arima,monthly,2026-08-31,2026-09-30,0.0,0.0,False,False,30
3,arima,monthly,2026-09-30,2026-10-30,0.0,0.0,False,False,30
3,arima,monthly,2026-10-31,2026-11-30,0.0,0.0,False,False,30
3,arima,monthly,2026-11-30,2026-12-30,0.0,0.0,False,False,30
3,arima,monthly,2026-12-31,2027-01-31,0.0,0.0,False,False,30
3,arima,yearly,2026-12-31,2027-12-31,0.0,0.0,False,False,30
4,arima,daily,2026-01-01,2026-01-02,9.39,9.39,False,False,500
4,arima,daily,2026-01-02,2026-01-03,9.39,9.39,False,False,500
4,arima,daily,2026-01-03,2026-01-04,9.39,9.39,False,False,500
4,arima,daily,2026-01-04,2026-01-05,9.39,9.39,False,False,500
4,arima,daily,2026-01-05,2026-01-06,9.39,9.39,False,False,500
4,arima,daily,2026-01-06,2026-01-07,9.39,9.39,False,False,500
4,arima,daily,2026-01-07,2026-01-08,9.39,9.39,False,False,500
4,arima,daily,2026-01-08,2026-01-09,9.39,9.39,False,False,500
4,arima,daily,2026-01-09,2026-01-10,9.39,9.39,False,False,500
4,arima,daily,2026-01-10,2026-01-11,9.39,9.39,False,False,500
4,arima,daily,2026-01-11,2026-01-12,9.39,9.39,False,False,500
4,arima,daily,2026-01-12,2026-01-13,9.39,9.39,False,False,500
4,arima,daily,2026-01-13,2026-01-14,9.39,9.39,False,False,500
4,arima,daily,2026-01-14,2026-01-15,9.39,9.39,False,False,500
4,arima,daily,2026-01-15,2026-01-16,9.39,9.39,False,False,500
4,arima,daily,2026-01-16,2026-01-17,9.39,9.39,False,False,500
4,arima,daily,2026-01-17,2026-01-18,9.39,9.39,False,False,500
4,arima,daily,2026-01-18,2026-01-19,9.39,9.39,False,False,500
4,arima,daily,2026-01-19,2026-01-20,9.39,9.39,False,False,500
4,arima,daily,2026-01-20,2026-01-21,9.39,9.39,False,False,500
4,arima,daily,2026-01-21,2026-01-22,9.39,9.39,False,False,500
4,arima,daily,2026-01-22,2026-01-23,9.39,9.39,False,False,500
4,arima,daily,2026-01-23,2026-01-24,9.39,9.39,False,False,500
4,arima,daily,2026-01-24,2026-01-25,9.39,9.39,False,False,500
4,arima,daily,2026-01-25,2026-01-26,9.39,9.39,False,False,500
4,arima,daily,2026-01-26,2026-01-27,9.39,9.39,False,False,500
4,arima,daily,2026-01-27,2026-01-28,9.39,9.39,False,False,500
4,arima,daily,2026-01-28,2026-01-29,9.39,9.39,False,False,500
4,arima,daily,2026-01-29,2026-01-30,9.39,9.39,False,False,500
4,arima,daily,2026-01-30,2026-01-31,9.39,9.39,False,False,500
4,arima,daily,2026-01-31,2026-02-01,9.39,9.39,False,False,500
4,arima,daily,2026-02-01,2026-02-02,9.39,9.39,False,False,500
4,arima,daily,2026-02-02,2026-02-03,9.39,9.39,False,False,500
4,arima,daily,2026-02-03,2026-02-04,9.39,9.39,False,False,500
4,arima,daily,2026-02-04,2026-02-05,9.39,9.39,False,False,500
4,arima,daily,2026-02-05,2026-02-06,9.39,9.39,False,False,500
4,arima,daily,2026-02-06,2026-02-07,9.39,9.39,False,False,500
4,arima,daily,2026-02-07,2026-02-08,9.39,9.39,False,False,500
4,arima,daily,2026-02-08,2026-02-09,9.39,9.39,False,False,500
4,arima,daily,2026-02-09,2026-02-10,9.39,9.39,False,False,500
4,arima,daily,2026-02-10,2026-02-11,9.39,9.39,False,False,500
4,arima,daily,2026-02-11,2026-02-12,9.39,9.39,False,False,500
4,arima,daily,2026-02-12,2026-02-13,9.39,9.39,False,False,500
4,arima,daily,2026-02-13,2026-02-14,9.39,9.39,False,False,500
4,arima,daily,2026-02-14,2026-02-15,9.39,9.39,False,False,500
4,arima,daily,2026-02-15,2026-02-16,9.39,9.39,False,False,500
4,arima,daily,2026-02-16,2026-02-17,9.39,9.39,False,False,500
4,arima,daily,2026-02-17,2026-02-18,9.39,9.39,False,False,500
4,arima,daily,2026-02-18,2026-02-19,9.39,9.39,False,False,500
4,arima,daily,2026-02-19,2026-02-20,9.39,9.39,False,False,500
4,arima,daily,2026-02-20,2026-02-21,9.39,9.39,False,False,500
4,arima,daily,2026-02-21,2026-02-22,9.39,9.39,False,False,500
4,arima,daily,2026-02-22,2026-02-23,9.39,9.39,False,False,500
4,arima,daily,2026-02-23,2026-02-24,9.39,9.39,False,False,500
4,arima,daily,2026-02-24,2026-02-25,9.39,9.39,False,False,500
4,arima,daily,2026-02-25,2026-02-26,9.39,9.39,False,False,500
4,arima,daily,2026-02-26,2026-02-27,9.39,9.39,False,False,500
4,arima,daily,2026-02-27,2026-02-28,9.39,9.39,False,False,500
4,arima,daily,2026-02-28,2026-03-01,9.39,9.39,False,False,500
4,arima,daily,2026-03-01,2026-03-02,9.39,9.39,False,False,500
4,arima,daily,2026-03-02,2026-03-03,9.39,9.39,False,False,500
4,arima,daily,2026-03-03,2026-03-04,9.39,9.39,False,False,500
4,arima,daily,2026-03-04,2026-03-05,9.39,9.39,False,False,500
4,arima,daily,2026-03-05,2026-03-06,9.39,9.39,False,False,500
4,arima,daily,2026-03-06,2026-03-07,9.39,9.39,False,False,500
4,arima,daily,2026-03-07,2026-03-08,9.39,9.39,False,False,500
4,arima,daily,2026-03-08,2026-03-09,9.39,9.39,False,False,500
4,arima,daily,2026-03-09,2026-03-10,9.39,9.39,False,False,500
4,arima,daily,2026-03-10,2026-03-11,9.39,9.39,False,False,500
4,arima,daily,2026-03-11,2026-03-12,9.39,9.39,False,False,500
4,arima,daily,2026-03-12,2026-03-13,9.39,9.39,False,False,500
4,arima,daily,2026-03-13,2026-03-14,9.39,9.39,False,False,500
4,arima,daily,2026-03-14,2026-03-15,9.39,9.39,False,False,500
4,arima,daily,2026-03-15,2026-03-16,9.39,9.39,False,False,500
4,arima,daily,2026-03-16,2026-03-17,9.39,9.39,False,False,500
4,arima,daily,2026-03-17,2026-03-18,9.39,9.39,False,False,500
4,arima,daily,2026-03-18,2026-03-19,9.39,9.39,False,False,500
4,arima,daily,2026-03-19,2026-03-20,9.39,9.39,False,False,500
4,arima,daily,2026-03-20,2026-03-21,9.39,9.39,False,False,500
4,arima,daily,2026-03-21,2026-03-22,9.39,9.39,False,False,500
4,arima,daily,2026-03-22,2026-03-23,9.39,9.39,False,False,500
4,arima,daily,2026-03-23,2026-03-24,9.39,9.39,False,False,500
4,arima,daily,2026-03-24,2026-03-25,9.39,9.39,False,False,500
4,arima,daily,2026-03-25,2026-03-26,9.39,9.39,False,False,500
4,arima,daily,2026-03-26,2026-03-27,9.39,9.39,False,False,500
4,arima,daily,2026-03-27,2026-03-28,9.39,9.39,False,False,500
4,arima,daily,2026-03-28,2026-03-29,9.39,9.39,False,False,500
4,arima,daily,2026-03-29,2026-03-30,9.39,9.39,False,False,500
4,arima,daily,2026-03-30,2026-03-31,9.39,9.39,False,False,500
4,arima,daily,2026-03-31,2026-04-01,9.39,9.39,False,False,500
4,arima,daily,2026-04-01,2026-04-02,9.39,9.39,False,False,500
4,arima,daily,2026-04-02,2026-04-03,9.39,9.39,False,False,500
4,arima,daily,2026-04-03,2026-04-04,9.39,9.39,False,False,500
4,arima,daily,2026-04-04,2026-04-05,9.39,9.39,False,False,500
4,arima,daily,2026-04-05,2026-04-06,9.39,9.39,False,False,500
4,arima,daily,2026-04-06,2026-04-07,9.39,9.39,False,False,500
4,arima,daily,2026-04-07,2026-04-08,9.39,9.39,False,False,500
4,arima,daily,2026-04-08,2026-04-09,9.39,9.39,False,False,500
4,arima,daily,2026-04-09,2026-04-10,9.39,9.39,False,False,500
4,arima,daily,2026-04-10,2026-04-11,9.39,9.39,False,False,500
4,arima,daily,2026-04-11,2026-04-12,9.39,9.39,False,False,500
4,arima,daily,2026-04-12,2026-04-13,9.39,9.39,False,False,500
4,arima,daily,2026-04-13,2026-04-14,9.39,9.39,False,False,500
4,arima,daily,2026-04-14,2026-04-15,9.39,9.39,False,False,500
4,arima,daily,2026-04-15,2026-04-16,9.39,9.39,False,False,500
4,arima,daily,2026-04-16,2026-04-17,9.39,9.39,False,False,500
4,arima,daily,2026-04-17,2026-04-18,9.39,9.39,False,False,500
4,arima,daily,2026-04-18,2026-04-19,9.39,9.39,False,False,500
4,arima,daily,2026-04-19,2026-04-20,9.39,9.39,False,False,500
4,arima,daily,2026-04-20,2026-04-21,9.39,9.39,False,False,500
4,arima,daily,2026-04-21,2026-04-22,9.39,9.39,False,False,500
4,arima,daily,2026-04-22,2026-04-23,9.39,9.39,False,False,500
4,arima,daily,2026-04-23,2026-04-24,9.39,9.39,False,False,500
4,arima,daily,2026-04-24,2026-04-25,9.39,9.39,False,False,500
4,arima,daily,2026-04-25,2026-04-26,9.39,9.39,False,False,500
4,arima,daily,2026-04-26,2026-04-27,9.39,9.39,False,False,500
4,arima,daily,2026-04-27,2026-04-28,9.39,9.39,False,False,500
4,arima,daily,2026-04-28,2026-04-29,9.39,9.39,False,False,500
4,arima,daily,2026-04-29,2026-04-30,9.39,9.39,False,False,500
4,arima,daily,2026-04-30,2026-05-01,9.39,9.39,False,False,500
4,arima,daily,2026-05-01,2026-05-02,9.39,9.39,False,False,500
4,arima,daily,2026-05-02,2026-05-03,9.39,9.39,False,False,500
4,arima,daily,2026-05-03,2026-05-04,9.39,9.39,False,False,500
4,arima,daily,2026-05-04,2026-05-05,9.39,9.39,False,False,500
4,arima,daily,2026-05-05,2026-05-06,9.39,9.39,False,False,500
4,arima,daily,2026-05-06,2026-05-07,9.39,9.39,False,False,500
4,arima,daily,2026-05-07,2026-05-08,9.39,9.39,False,False,500
4,arima,daily,2026-05-08,2026-05-09,9.39,9.39,False,False,500
4,arima,daily,2026-05-09,2026-05-10,9.39,9.39,False,False,500
4,arima,daily,2026-05-10,2026-05-11,9.39,9.39,False,False,500
4,arima,daily,2026-05-11,2026-05-12,9.39,9.39,False,False,500
4,arima,daily,2026-05-12,2026-05-13,9.39,9.39,False,False,500
4,arima,daily,2026-05-13,2026-05-14,9.39,9.39,False,False,500
4,arima,daily,2026-05-14,2026-05-15,9.39,9.39,False,False,500
4,arima,daily,2026-05-15,2026-05-16,9.39,9.39,False,False,500
4,arima,daily,2026-05-16,2026-05-17,9.39,9.39,False,False,500
4,arima,daily,2026-05-17,2026-05-18,9.39,9.39,False,False,500
4,arima,daily,2026-05-18,2026-05-19,9.39,9.39,False,False,500
4,arima,daily,2026-05-19,2026-05-20,9.39,9.39,False,False,500
4,arima,daily,2026-05-20,2026-05-21,9.39,9.39,False,False,500
4,arima,daily,2026-05-21,2026-05-22,9.39,9.39,False,False,500
4,arima,daily,2026-05-22,2026-05-23,9.39,9.39,False,False,500
4,arima,daily,2026-05-23,2026-05-24,9.39,9.39,False,False,500
4,arima,daily,2026-05-24,2026-05-25,9.39,9.39,False,False,500
4,arima,daily,2026-05-25,2026-05-26,9.39,9.39,False,False,500
4,arima,daily,2026-05-26,2026-05-27,9.39,9.39,False,False,500
4,arima,daily,2026-05-27,2026-05-28,9.39,9.39,False,False,500
4,arima,daily,2026-05-28,2026-05-29,9.39,9.39,False,False,500
4,arima,daily,2026-05-29,2026-05-30,9.39,9.39,False,False,500
4,arima,daily,2026-05-30,2026-05-31,9.39,9.39,False,False,500
4,arima,daily,2026-05-31,2026-06-01,9.39,9.39,False,False,500
4,arima,daily,2026-06-01,2026-06-02,9.39,9.39,False,False,500
4,arima,daily,2026-06-02,2026-06-03,9.39,9.39,False,False,500
4,arima,daily,2026-06-03,2026-06-04,9.39,9.39,False,False,500
4,arima,daily,2026-06-04,2026-06-05,9.39,9.39,False,False,500
4,arima,daily,2026-06-05,2026-06-06,9.39,9.39,False,False,500
4,arima,daily,2026-06-06,2026-06-07,9.39,9.39,False,False,500
4,arima,daily,2026-06-07,2026-06-08,9.39,9.39,False,False,500
4,arima,daily,2026-06-08,2026-06-09,9.39,9.39,False,False,500
4,arima,daily,2026-06-09,2026-06-10,9.39,9.39,False,False,500
4,arima,daily,2026-06-10,2026-06-11,9.39,9.39,False,False,500
4,arima,daily,2026-06-11,2026-06-12,9.39,9.39,False,False,500
4,arima,daily,2026-06-12,2026-06-13,9.39,9.39,False,False,500
4,arima,daily,2026-06-13,2026-06-14,9.39,9.39,False,False,500
4,arima,daily,2026-06-14,2026-06-15,9.39,9.39,False,False,500
4,arima,daily,2026-06-15,2026-06-16,9.39,9.39,False,False,500
4,arima,daily,2026-06-16,2026-06-17,9.39,9.39,False,False,500
4,arima,daily,2026-06-17,2026-06-18,9.39,9.39,False,False,500
4,arima,daily,2026-06-18,2026-06-19,9.39,9.39,False,False,500
4,arima,daily,2026-06-19,2026-06-20,9.39,9.39,False,False,500
4,arima,daily,2026-06-20,2026-06-21,9.39,9.39,False,False,500
4,arima,daily,2026-06-21,2026-06-22,9.39,9.39,False,False,500
4,arima,daily,2026-06-22,2026-06-23,9.39,9.39,False,False,500
4,arima,daily,2026-06-23,2026-06-24,9.39,9.39,False,False,500
4,arima,daily,2026-06-24,2026-06-25,9.39,9.39,False,False,500
4,arima,daily,2026-06-25,2026-06-26,9.39,9.39,False,False,500
4,arima,daily,2026-06-26,2026-06-27,9.39,9.39,False,False,500
4,arima,daily,2026-06-27,2026-06-28,9.39,9.39,False,False,500
4,arima,daily,2026-06-28,2026-06-29,9.39,9.39,False,False,500
4,arima,daily,2026-06-29,2026-06-30,9.39,9.39,False,False,500
4,arima,daily,2026-06-30,2026-07-01,9.39,9.39,False,False,500
4,arima,daily,2026-07-01,2026-07-02,9.39,9.39,False,False,500
4,arima,daily,2026-07-02,2026-07-03,9.39,9.39,False,False,500
4,arima,daily,2026-07-03,2026-07-04,9.39,9.39,False,False,500
4,arima,daily,2026-07-04,2026-07-05,9.39,9.39,False,False,500
4,arima,daily,2026-07-05,2026-07-06,9.39,9.39,False,False,500
4,arima,daily,2026-07-06,2026-07-07,9.39,9.39,False,False,500
4,arima,daily,2026-07-07,2026-07-08,9.39,9.39,False,False,500
4,arima,daily,2026-07-08,2026-07-09,9.39,9.39,False,False,500
4,arima,daily,2026-07-09,2026-07-10,9.39,9.39,False,False,500
4,arima,daily,2026-07-10,2026-07-11,9.39,9.39,False,False,500
4,arima,daily,2026-07-11,2026-07-12,9.39,9.39,False,False,500
4,arima,daily,2026-07-12,2026-07-13,9.39,9.39,False,False,500
4,arima,daily,2026-07-13,2026-07-14,9.39,9.39,False,False,500
4,arima,daily,2026-07-14,2026-07-15,9.39,9.39,False,False,500
4,arima,daily,2026-07-15,2026-07-16,9.39,9.39,False,False,500
4,arima,daily,2026-07-16,2026-07-17,9.39,9.39,False,False,500
4,arima,daily,2026-07-17,2026-07-18,9.39,9.39,False,False,500
4,arima,daily,2026-07-18,2026-07-19,9.39,9.39,False,False,500
4,arima,daily,2026-07-19,2026-07-20,9.39,9.39,False,False,500
4,arima,daily,2026-07-20,2026-07-21,9.39,9.39,False,False,500
4,arima,daily,2026-07-21,2026-07-22,9.39,9.39,False,False,500
4,arima,daily,2026-07-22,2026-07-23,9.39,9.39,False,False,500
4,arima,daily,2026-07-23,2026-07-24,9.39,9.39,False,False,500
4,arima,daily,2026-07-24,2026-07-25,9.39,9.39,False,False,500
4,arima,daily,2026-07-25,2026-07-26,9.39,9.39,False,False,500
4,arima,daily,2026-07-26,2026-07-27,9.39,9.39,False,False,500
4,arima,daily,2026-07-27,2026-07-28,9.39,9.39,False,False,500
4,arima,daily,2026-07-28,2026-07-29,9.39,9.39,False,False,500
4,arima,daily,2026-07-29,2026-07-30,9.39,9.39,False,False,500
4,arima,daily,2026-07-30,2026-07-31,9.39,9.39,False,False,500
4,arima,daily,2026-07-31,2026-08-01,9.39,9.39,False,False,500
4,arima,daily,2026-08-01,2026-08-02,9.39,9.39,False,False,500
4,arima,daily,2026-08-02,2026-08-03,9.39,9.39,False,False,500
4,arima,daily,2026-08-03,2026-08-04,9.39,9.39,False,False,500
4,arima,daily,2026-08-04,2026-08-05,9.39,9.39,False,False,500
4,arima,daily,2026-08-05,2026-08-06,9.39,9.39,False,False,500
4,arima,daily,2026-08-06,2026-08-07,9.39,9.39,False,False,500
4,arima,daily,2026-08-07,2026-08-08,9.39,9.39,False,False,500
4,arima,daily,2026-08-08,2026-08-09,9.39,9.39,False,False,500
4,arima,daily,2026-08-09,2026-08-10,9.39,9.39,False,False,500
4,arima,daily,2026-08-10,2026-08-11,9.39,9.39,False,False,500
4,arima,daily,2026-08-11,2026-08-12,9.39,9.39,False,False,500
4,arima,daily,2026-08-12,2026-08-13,9.39,9.39,False,False,500
4,arima,daily,2026-08-13,2026-08-14,9.39,9.39,False,False,500
4,arima,daily,2026-08-14,2026-08-15,9.39,9.39,False,False,500
4,arima,daily,2026-08-15,2026-08-16,9.39,9.39,False,False,500
4,arima,daily,2026-08-16,2026-08-17,9.39,9.39,False,False,500
4,arima,daily,2026-08-17,2026-08-18,9.39,9.39,False,False,500
4,arima,daily,2026-08-18,2026-08-19,9.39,9.39,False,False,500
4,arima,daily,2026-08-19,2026-08-20,9.39,9.39,False,False,500
4,arima,daily,2026-08-20,2026-08-21,9.39,9.39,False,False,500
4,arima,daily,2026-08-21,2026-08-22,9.39,9.39,False,False,500
4,arima,daily,2026-08-22,2026-08-23,9.39,9.39,False,False,500
4,arima,daily,2026-08-23,2026-08-24,9.39,9.39,False,False,500
4,arima,daily,2026-08-24,2026-08-25,9.39,9.39,False,False,500
4,arima,daily,2026-08-25,2026-08-26,9.39,9.39,False,False,500
4,arima,daily,2026-08-26,2026-08-27,9.39,9.39,False,False,500
4,arima,daily,2026-08-27,2026-08-28,9.39,9.39,False,False,500
4,arima,daily,2026-08-28,2026-08-29,9.39,9.39,False,False,500
4,arima,daily,2026-08-29,2026-08-30,9.39,9.39,False,False,500
4,arima,daily,2026-08-30,2026-08-31,9.39,9.39,False,False,500
4,arima,daily,2026-08-31,2026-09-01,9.39,9.39,False,False,500
4,arima,daily,2026-09-01,2026-09-02,9.39,9.39,False,False,500
4,arima,daily,2026-09-02,2026-09-03,9.39,9.39,False,False,500
4,arima,daily,2026-09-03,2026-09-04,9.39,9.39,False,False,500
4,arima,daily,2026-09-04,2026-09-05,9.39,9.39,False,False,500
4,arima,daily,2026-09-05,2026-09-06,9.39,9.39,False,False,500
4,arima,daily,2026-09-06,2026-09-07,9.39,9.39,False,False,500
4,arima,daily,2026-09-07,2026-09-08,9.39,9.39,False,False,500
4,arima,daily,2026-09-08,2026-09-09,9.39,9.39,False,False,500
4,arima,daily,2026-09-09,2026-09-10,9.39,9.39,False,False,500
4,arima,daily,2026-09-10,2026-09-11,9.39,9.39,False,False,500
4,arima,daily,2026-09-11,2026-09-12,9.39,9.39,False,False,500
4,arima,daily,2026-09-12,2026-09-13,9.39,9.39,False,False,500
4,arima,daily,2026-09-13,2026-09-14,9.39,9.39,False,False,500
4,arima,daily,2026-09-14,2026-09-15,9.39,9.39,False,False,500
4,arima,daily,2026-09-15,2026-09-16,9.39,9.39,False,False,500
4,arima,daily,2026-09-16,2026-09-17,9.39,9.39,False,False,500
4,arima,daily,2026-09-17,2026-09-18,9.39,9.39,False,False,500
4,arima,daily,2026-09-18,2026-09-19,9.39,9.39,False,False,500
4,arima,daily,2026-09-19,2026-09-20,9.39,9.39,False,False,500
4,arima,daily,2026-09-20,2026-09-21,9.39,9.39,False,False,500
4,arima,daily,2026-09-21,2026-09-22,9.39,9.39,False,False,500
4,arima,daily,2026-09-22,2026-09-23,9.39,9.39,False,False,500
4,arima,daily,2026-09-23,2026-09-24,9.39,9.39,False,False,500
4,arima,daily,2026-09-24,2026-09-25,9.39,9.39,False,False,500
4,arima,daily,2026-09-25,2026-09-26,9.39,9.39,False,False,500
4,arima,daily,2026-09-26,2026-09-27,9.39,9.39,False,False,500
4,arima,daily,2026-09-27,2026-09-28,9.39,9.39,False,False,500
4,arima,daily,2026-09-28,2026-09-29,9.39,9.39,False,False,500
4,arima,daily,2026-09-29,2026-09-30,9.39,9.39,False,False,500
4,arima,daily,2026-09-30,2026-10-01,9.39,9.39,False,False,500
4,arima,daily,2026-10-01,2026-10-02,9.39,9.39,False,False,500
4,arima,daily,2026-10-02,2026-10-03,9.39,9.39,False,False,500
4,arima,daily,2026-10-03,2026-10-04,9.39,9.39,False,False,500
4,arima,daily,2026-10-04,2026-10-05,9.39,9.39,False,False,500
4,arima,daily,2026-10-05,2026-10-06,9.39,9.39,False,False,500
4,arima,daily,2026-10-06,2026-10-07,9.39,9.39,False,False,500
4,arima,daily,2026-10-07,2026-10-08,9.39,9.39,False,False,500
4,arima,daily,2026-10-08,2026-10-09,9.39,9.39,False,False,500
4,arima,daily,2026-10-09,2026-10-10,9.39,9.39,False,False,500
4,arima,daily,2026-10-10,2026-10-11,9.39,9.39,False,False,500
4,arima,daily,2026-10-11,2026-10-12,9.39,9.39,False,False,500
4,arima,daily,2026-10-12,2026-10-13,9.39,9.39,False,False,500
4,arima,daily,2026-10-13,2026-10-14,9.39,9.39,False,False,500
4,arima,daily,2026-10-14,2026-10-15,9.39,9.39,False,False,500
4,arima,daily,2026-10-15,2026-10-16,9.39,9.39,False,False,500
4,arima,daily,2026-10-16,2026-10-17,9.39,9.39,False,False,500
4,arima,daily,2026-10-17,2026-10-18,9.39,9.39,False,False,500
4,arima,daily,2026-10-18,2026-10-19,9.39,9.39,False,False,500
4,arima,daily,2026-10-19,2026-10-20,9.39,9.39,False,False,500
4,arima,daily,2026-10-20,2026-10-21,9.39,9.39,False,False,500
4,arima,daily,2026-10-21,2026-10-22,9.39,9.39,False,False,500
4,arima,daily,2026-10-22,2026-10-23,9.39,9.39,False,False,500
4,arima,daily,2026-10-23,2026-10-24,9.39,9.39,False,False,500
4,arima,daily,2026-10-24,2026-10-25,9.39,9.39,False,False,500
4,arima,daily,2026-10-25,2026-10-26,9.39,9.39,False,False,500
4,arima,daily,2026-10-26,2026-10-27,9.39,9.39,False,False,500
4,arima,daily,2026-10-27,2026-10-28,9.39,9.39,False,False,500
4,arima,daily,2026-10-28,2026-10-29,9.39,9.39,False,False,500
4,arima,daily,2026-10-29,2026-10-30,9.39,9.39,False,False,500
4,arima,daily,2026-10-30,2026-10-31,9.39,9.39,False,False,500
4,arima,daily,2026-10-31,2026-11-01,9.39,9.39,False,False,500
4,arima,daily,2026-11-01,2026-11-02,9.39,9.39,False,False,500
4,arima,daily,2026-11-02,2026-11-03,9.39,9.39,False,False,500
4,arima,daily,2026-11-03,2026-11-04,9.39,9.39,False,False,500
4,arima,daily,2026-11-04,2026-11-05,9.39,9.39,False,False,500
4,arima,daily,2026-11-05,2026-11-06,9.39,9.39,False,False,500
4,arima,daily,2026-11-06,2026-11-07,9.39,9.39,False,False,500
4,arima,daily,2026-11-07,2026-11-08,9.39,9.39,False,False,500
4,arima,daily,2026-11-08,2026-11-09,9.39,9.39,False,False,500
4,arima,daily,2026-11-09,2026-11-10,9.39,9.39,False,False,500
4,arima,daily,2026-11-10,2026-11-11,9.39,9.39,False,False,500
4,arima,daily,2026-11-11,2026-11-12,9.39,9.39,False,False,500
4,arima,daily,2026-11-12,2026-11-13,9.39,9.39,False,False,500
4,arima,daily,2026-11-13,2026-11-14,9.39,9.39,False,False,500
4,arima,daily,2026-11-14,2026-11-15,9.39,9.39,False,False,500
4,arima,daily,2026-11-15,2026-11-16,9.39,9.39,False,False,500
4,arima,daily,2026-11-16,2026-11-17,9.39,9.39,False,False,500
4,arima,daily,2026-11-17,2026-11-18,9.39,9.39,False,False,500
4,arima,daily,2026-11-18,2026-11-19,9.39,9.39,False,False,500
4,arima,daily,2026-11-19,2026-11-20,9.39,9.39,False,False,500
4,arima,daily,2026-11-20,2026-11-21,9.39,9.39,False,False,500
4,arima,daily,2026-11-21,2026-11-22,9.39,9.39,False,False,500
4,arima,daily,2026-11-22,2026-11-23,9.39,9.39,False,False,500
4,arima,daily,2026-11-23,2026-11-24,9.39,9.39,False,False,500
4,arima,daily,2026-11-24,2026-11-25,9.39,9.39,False,False,500
4,arima,daily,2026-11-25,2026-11-26,9.39,9.39,False,False,500
4,arima,daily,2026-11-26,2026-11-27,9.39,9.39,False,False,500
4,arima,daily,2026-11-27,2026-11-28,9.39,9.39,False,False,500
4,arima,daily,2026-11-28,2026-11-29,9.39,9.39,False,False,500
4,arima,daily,2026-11-29,2026-11-30,9.39,9.39,False,False,500
4,arima,daily,2026-11-30,2026-12-01,9.39,9.39,False,False,500
4,arima,daily,2026-12-01,2026-12-02,9.39,9.39,False,False,500
4,arima,daily,2026-12-02,2026-12-03,9.39,9.39,False,False,500
4,arima,daily,2026-12-03,2026-12-04,9.39,9.39,False,False,500
4,arima,daily,2026-12-04,2026-12-05,9.39,9.39,False,False,500
4,arima,daily,2026-12-05,2026-12-06,9.39,9.39,False,False,500
4,arima,daily,2026-12-06,2026-12-07,9.39,9.39,False,False,500
4,arima,daily,2026-12-07,2026-12-08,9.39,9.39,False,False,500
4,arima,daily,2026-12-08,2026-12-09,9.39,9.39,False,False,500
4,arima,daily,2026-12-09,2026-12-10,9.39,9.39,False,False,500
4,arima,daily,2026-12-10,2026-12-11,9.39,9.39,False,False,500
4,arima,daily,2026-12-11,2026-12-12,9.39,9.39,False,False,500
4,arima,daily,2026-12-12,2026-12-13,9.39,9.39,False,False,500
4,arima,daily,2026-12-13,2026-12-14,9.39,9.39,False,False,500
4,arima,daily,2026-12-14,2026-12-15,9.39,9.39,False,False,500
4,arima,daily,2026-12-15,2026-12-16,9.39,9.39,False,False,500
4,arima,daily,2026-12-16,2026-12-17,9.39,9.39,False,False,500
4,arima,daily,2026-12-17,2026-12-18,9.39,9.39,False,False,500
4,arima,daily,2026-12-18,2026-12-19,9.39,9.39,False,False,500
4,arima,daily,2026-12-19,2026-12-20,9.39,9.39,False,False,500
4,arima,daily,2026-12-20,2026-12-21,9.39,9.39,False,False,500
4,arima,daily,2026-12-21,2026-12-22,9.39,9.39,False,False,500
4,arima,daily,2026-12-22,2026-12-23,9.39,9.39,False,False,500
4,arima,daily,2026-12-23,2026-12-24,9.39,9.39,False,False,500
4,arima,daily,2026-12-24,2026-12-25,9.39,9.39,False,False,500
4,arima,daily,2026-12-25,2026-12-26,9.39,9.39,False,False,500
4,arima,daily,2026-12-26,2026-12-27,9.39,9.39,False,False,500
4,arima,daily,2026-12-27,2026-12-28,9.39,9.39,False,False,500
4,arima,daily,2026-12-28,2026-12-29,9.39,9.39,False,False,500
4,arima,daily,2026-12-29,2026-12-30,9.39,9.39,False,False,500
4,arima,daily,2026-12-30,2026-12-31,9.39,9.39,False,False,500
4,arima,daily,2026-12-31,2027-01-01,9.39,9.39,False,False,500
4,arima,monthly,2026-01-31,2026-02-28,0.0,0.0,False,False,500
4,arima,monthly,2026-02-28,2026-03-28,0.0,0.0,False,False,500
4,arima,monthly,2026-03-31,2026-04-30,0.0,0.0,False,False,500
4,arima,monthly,2026-04-30,2026-05-30,0.0,0.0,False,False,500
4,arima,monthly,2026-05-31,2026-06-30,0.0,0.0,False,False,500
4,arima,monthly,2026-06-30,2026-07-30,0.0,0.0,False,False,500
4,arima,monthly,2026-07-31,2026-08-31,0.0,0.0,False,False,500
4,arima,monthly,2026-08-31,2026-09-30,0.0,0.0,False,False,500
4,arima,monthly,2026-09-30,2026-10-30,0.0,0.0,False,False,500
4,arima,monthly,2026-10-31,2026-11-30,0.0,0.0,False,False,500
4,arima,monthly,2026-11-30,2026-12-30,0.0,0.0,False,False,500
4,arima,monthly,2026-12-31,2027-01-31,0.0,0.0,False,False,500
4,arima,yearly,2026-12-31,2027-12-31,0.0,0.0,False,False,500
